ticker,earnings_datetime,event_day,surprise_car_0_1,drift_car_2_21,earnings_count,high_distraction
AAPL,2025-10-30 16:00:00-04:00,2025-10-30,0.010225981577873102,0.04972034814541844,3,1
AAPL,2025-07-31 16:00:00-04:00,2025-07-31,-0.0119416103121612,0.10431674491521706,3,1
AAPL,2025-05-01 16:00:00-04:00,2025-05-01,-0.05543382509551491,-0.058718608549736914,3,1
AAPL,2025-01-30 16:00:00-05:00,2025-01-30,-0.0141321351689479,0.04190220005563028,2,0
AAPL,2024-10-31 16:00:00-04:00,2024-10-31,-0.016106363411200798,0.018027681477490603,3,1
AAPL,2024-08-01 16:00:00-04:00,2024-08-01,0.022898019181243505,-0.01345850769494134,2,0
AAPL,2024-05-02 16:00:00-04:00,2024-05-02,0.06009922504766149,0.02659521653848544,1,0
AAPL,2024-02-01 16:00:00-05:00,2024-02-01,-0.015680052330070603,-0.09366666872522131,3,1
AAPL,2023-11-02 16:00:00-04:00,2023-11-02,-0.0127757995396647,0.022219082351740096,1,0
AAPL,2023-08-03 16:00:00-04:00,2023-08-03,-0.0479531298322052,0.03292103250540461,2,0
AAPL,2023-05-04 16:00:00-04:00,2023-05-04,0.025584010598512903,0.0011070686873961028,1,0
AAPL,2023-02-02 16:00:00-05:00,2023-02-02,0.0575345949388903,0.017995108840941795,3,1
AAPL,2022-10-27 16:00:00-04:00,2022-10-27,0.02663675714591831,-0.0878330405033991,3,1
AAPL,2022-07-28 16:00:00-04:00,2022-07-28,0.009243770728371396,0.025626085053415605,3,1
AAPL,2022-04-28 16:00:00-04:00,2022-04-28,0.0202468243779794,-0.05262234819757101,3,1
AAPL,2022-01-27 16:00:00-05:00,2022-01-27,0.046937358276202594,-0.0172001933097853,2,0
AAPL,2021-10-28 16:00:00-04:00,2021-10-28,-0.0048418474756973025,0.058649100102106895,3,1
AAPL,2021-07-27 16:00:00-04:00,2021-07-27,-0.0221286947261863,0.002486961079897902,3,1
AAPL,2021-04-28 16:00:00-04:00,2021-04-28,-0.0128613171252576,-0.058108947319042197,2,0
AAPL,2021-01-27 16:00:00-05:00,2021-01-27,-0.026828725350468194,-0.1266908073766606,3,1
AAPL,2020-10-29 16:00:00-04:00,2020-10-29,-0.0187066390412012,-0.010121732700490101,4,1
AAPL,2020-07-30 16:00:00-04:00,2020-07-30,0.1124543540998919,0.09550470739973616,6,1
AAPL,2020-04-30 17:00:00-04:00,2020-04-30,0.0407810009783623,0.032638992189670396,2,0
AAPL,2020-01-28 16:00:00-05:00,2020-01-28,0.0395683602397636,-0.07052845088014009,1,0
AMZN,2025-10-30 16:00:00-04:00,2025-10-30,0.0712570814050611,-0.03723474164614561,3,1
AMZN,2025-07-31 16:00:00-04:00,2025-07-31,-0.0455251008572763,0.02935988341853637,3,1
AMZN,2025-05-01 16:00:00-04:00,2025-05-01,0.0082538337617842,0.0429447082011037,3,1
AMZN,2025-02-06 16:00:00-05:00,2025-02-06,-0.023589914462655695,-0.09237340551070472,1,0
AMZN,2024-10-31 16:00:00-04:00,2024-10-31,0.04439501459313001,0.010250771068694601,3,1
AMZN,2024-08-01 12:00:00-04:00,2024-08-01,-0.0706308641752984,0.007282019626068056,2,0
AMZN,2024-04-30 16:00:00-04:00,2024-04-30,0.009010184582432301,-0.04104734445979338,1,0
AMZN,2024-02-01 16:00:00-05:00,2024-02-01,0.08133968142393691,-0.0012198449442046063,3,1
AMZN,2023-10-26 16:00:00-04:00,2023-10-26,0.06984277343787501,0.0459535076320747,2,0
AMZN,2023-08-03 16:00:00-04:00,2023-08-03,0.0955417634780527,-0.018886282634586502,2,0
AMZN,2023-04-27 16:00:00-04:00,2023-04-27,-0.022131754547613104,0.123424385919025,2,0
AMZN,2023-02-02 16:00:00-05:00,2023-02-02,-0.014443553401199988,-0.0766262500792793,3,1
AMZN,2022-10-27 16:00:00-04:00,2022-10-27,-0.12712946364932248,-0.1028953141001445,3,1
AMZN,2022-07-28 16:00:00-04:00,2022-07-28,0.08732259696850408,-0.011820997264723099,3,1
AMZN,2022-04-28 16:00:00-04:00,2022-04-28,-0.08226394030303222,-0.07527308790203682,3,1
AMZN,2022-02-03 16:00:00-05:00,2022-02-03,0.07603421003694842,-0.0661411170811696,1,0
AMZN,2021-10-28 16:00:00-04:00,2021-10-28,-0.017248027061734096,0.045776903190085705,3,1
AMZN,2021-07-29 16:00:00-04:00,2021-07-29,-0.08331365844752639,-0.0193255841576231,2,0
AMZN,2021-04-29 16:00:00-04:00,2021-04-29,0.0027809399314696,-0.0782760354722246,2,0
AMZN,2021-02-02 16:00:00-05:00,2021-02-02,-0.023783863489391696,-0.091859533400924,3,1
AMZN,2020-10-29 16:00:00-04:00,2020-10-29,-0.038945814407093195,-0.05669128388736061,4,1
AMZN,2020-07-30 16:00:00-04:00,2020-07-30,0.0386755171679988,0.003604509330425958,6,1
AMZN,2020-04-30 17:00:00-04:00,2020-04-30,0.002499484994941209,0.00017167040244579507,2,0
AMZN,2020-01-30 16:00:00-05:00,2020-01-30,0.0955284473989987,0.013262703177085586,1,0
AVGO,2025-09-04 16:00:00-04:00,2025-09-04,0.1008619487753166,-0.01709980772735889,1,0
AVGO,2025-06-05 16:00:00-04:00,2025-06-05,-0.059854475679632195,0.06407198283233359,1,0
AVGO,2025-03-06 16:00:00-05:00,2025-03-06,0.03526135766785579,-0.1469451086940452,2,0
AVGO,2024-12-12 16:00:00-05:00,2024-12-12,0.23581296715994599,0.04469990423153698,2,0
AVGO,2024-09-05 16:00:00-04:00,2024-09-05,-0.09269316997484489,0.2031626643306043,1,0
AVGO,2024-06-12 16:00:00-04:00,2024-06-12,0.1360604584218944,-0.007529801054048988,1,0
AVGO,2024-03-07 16:00:00-05:00,2024-03-07,-0.0315519406065074,0.011972133931732002,2,0
AVGO,2023-12-07 16:00:00-05:00,2023-12-07,0.032573958970244996,0.1141972849884468,1,0
AVGO,2023-08-31 16:00:00-04:00,2023-08-31,-0.0206748564751265,0.013883123885849396,1,0
AVGO,2023-06-01 16:00:00-04:00,2023-06-01,-0.0183394416041061,0.04559974720674881,2,0
AVGO,2023-03-02 16:00:00-05:00,2023-03-02,0.0417214310747905,0.004580451631965905,2,0
AVGO,2022-12-08 16:00:00-05:00,2022-12-08,0.049582034470185596,0.06734094867507802,2,0
AVGO,2022-09-01 16:00:00-04:00,2022-09-01,0.009867873886776995,-0.018137586881425995,1,0
AVGO,2022-05-26 07:00:00-04:00,2022-05-26,0.0505030650518076,-0.06524643309276429,2,0
AVGO,2022-03-03 16:00:00-05:00,2022-03-03,0.030901270019114302,0.010345524486450205,2,0
AVGO,2021-12-09 16:00:00-05:00,2021-12-09,0.07132405268303961,5.317625519268496e-05,2,0
AVGO,2021-09-02 16:00:00-04:00,2021-09-02,0.006361789031370298,0.01545594951506759,1,0
AVGO,2021-06-03 16:00:00-04:00,2021-06-03,-0.0023402342633690974,-0.034865554473527495,1,0
AVGO,2021-03-04 16:00:00-05:00,2021-03-04,-0.0333023724130683,0.03766333460246869,2,0
AVGO,2020-12-10 16:00:00-05:00,2020-12-10,-0.0236398121594455,0.0749194781306085,2,0
AVGO,2020-09-03 16:00:00-04:00,2020-09-03,0.012305062221630102,0.02369077758715869,1,0
AVGO,2020-06-04 16:00:00-04:00,2020-06-04,0.001443960676961497,0.020309532587773304,1,0
AVGO,2020-03-12 16:00:00-04:00,2020-03-12,-0.029778085509873098,0.14171123278333742,1,0
BAC,2025-10-15 06:00:00-04:00,2025-10-15,0.010896787415016002,0.03059027252387627,1,0
BAC,2025-07-16 06:00:00-04:00,2025-07-16,0.0094446590850947,-0.010765371206082135,1,0
BAC,2025-04-15 06:00:00-04:00,2025-04-15,0.0436525605430114,0.0574938916332353,1,0
BAC,2025-01-16 06:00:00-05:00,2025-01-16,-0.0202417609149524,-0.02250417279840801,2,0
BAC,2024-10-15 06:00:00-04:00,2024-10-15,0.024573455347906503,0.04782653179875736,2,0
BAC,2024-07-16 06:00:00-04:00,2024-07-16,0.05816567641792661,-0.09984754354786031,2,0
BAC,2024-04-16 06:00:00-04:00,2024-04-16,-0.011725430149539605,0.04355336006938051,2,0
BAC,2024-01-12 06:00:00-05:00,2024-01-12,-0.0283111344126553,-0.018820184451437905,3,1
BAC,2023-10-17 06:00:00-04:00,2023-10-17,0.025489399761931732,0.04129299316924209,1,0
BAC,2023-07-18 06:00:00-04:00,2023-07-18,0.06159901306333639,-0.037253763464936605,1,0
BAC,2023-04-18 06:00:00-04:00,2023-04-18,-0.010588519896187903,-0.050672530592364685,1,0
BAC,2023-01-13 06:00:00-05:00,2023-01-13,-0.0001527095281039989,-0.005183689774879906,3,1
BAC,2022-10-17 06:00:00-04:00,2022-10-17,0.06059875938923159,0.00620538702268009,1,0
BAC,2022-07-18 06:00:00-04:00,2022-07-18,0.015335830778038602,0.003965778104101701,1,0
BAC,2022-04-18 06:00:00-04:00,2022-04-18,0.03604878671394719,-0.008343829949219606,1,0
BAC,2022-01-19 06:00:00-05:00,2022-01-19,0.0104849648644802,0.029548433064894308,3,1
BAC,2021-10-14 06:00:00-04:00,2021-10-14,0.049145801198799195,-0.034429334004225196,2,0
BAC,2021-07-14 06:00:00-04:00,2021-07-14,-0.0239364304983229,0.06056362444869921,1,0
BAC,2021-04-15 12:00:00-04:00,2021-04-15,-0.0320872845078581,0.0815180526236649,2,0
BAC,2021-01-19 06:00:00-05:00,2021-01-19,-0.042082963314108005,0.0404109927010734,1,0
BAC,2020-10-14 06:00:00-04:00,2020-10-14,-0.0233486883701468,0.09520640080603221,2,0
BAC,2020-07-16 06:00:00-04:00,2020-07-16,-0.056511538067849795,0.08710558078161647,1,0
BAC,2020-04-15 07:00:00-04:00,2020-04-15,-0.08317299122404209,0.002716461229260232,2,0
BAC,2020-01-15 06:00:00-05:00,2020-01-15,-0.027539715967321698,-0.015339066735452194,2,0
COST,2025-09-25 16:00:00-04:00,2025-09-25,-0.0321933603420117,-0.004805490111850297,1,0
COST,2025-05-29 16:00:00-04:00,2025-05-29,0.023995753989858495,-0.09843955244820589,1,0
COST,2025-03-06 16:00:00-05:00,2025-03-06,-0.0687151504574605,0.07643878697551482,2,0
COST,2024-12-12 16:00:00-05:00,2024-12-12,-1.114327392229969e-05,-0.053362147576436425,2,0
COST,2024-09-26 16:00:00-04:00,2024-09-26,-0.0277477070566723,-0.0063483250954486405,1,0
COST,2024-06-06 06:00:00-04:00,2024-06-06,0.01472023767563492,0.005210735900764401,1,0
COST,2024-03-07 16:00:00-05:00,2024-03-07,-0.0643664265196281,-0.03500129594469724,2,0
COST,2023-12-14 16:00:00-05:00,2023-12-14,0.0254134495056599,0.05509643399362221,1,0
COST,2023-09-26 16:00:00-04:00,2023-09-26,0.023275402319613,-0.003857275482450375,1,0
COST,2023-06-01 06:00:00-04:00,2023-06-01,-0.021948418347365863,0.0141872889760175,2,0
COST,2023-03-02 16:00:00-05:00,2023-03-02,-0.03062420281495,0.02756321473683241,2,0
COST,2022-12-08 16:00:00-05:00,2022-12-08,0.0018185554446416997,0.001454857092128589,2,0
COST,2022-10-05 06:00:00-04:00,2022-10-05,0.005210316213253602,0.01668574672361489,1,0
COST,2022-05-26 16:00:00-04:00,2022-05-26,0.024409814635793697,0.0797282470188673,2,0
COST,2022-03-03 16:00:00-05:00,2022-03-03,0.0085036497882777,0.0402783978931417,2,0
COST,2021-12-09 16:00:00-05:00,2021-12-09,0.0522140697113869,-0.0647434681261979,2,0
COST,2021-09-23 16:00:00-04:00,2021-09-23,0.020259918279334304,0.010177176058376099,1,0
COST,2021-05-27 16:00:00-04:00,2021-05-27,-0.021257856949687202,0.0268405748484577,1,0
COST,2021-03-04 16:00:00-05:00,2021-03-04,-0.0264786912151,0.0692239325289976,2,0
COST,2020-12-10 16:00:00-05:00,2020-12-10,0.0036888674855646997,-0.0669504892465305,2,0
COST,2020-09-24 16:00:00-04:00,2020-09-24,-0.0246930699856698,0.038848390474757404,1,0
COST,2020-05-28 16:00:00-04:00,2020-05-28,0.0054692275781177,-0.03213623152271671,1,0
COST,2020-03-05 16:00:00-05:00,2020-03-05,0.020248492865302697,0.08205077617128495,1,0
GOOGL,2025-10-29 16:00:00-04:00,2025-10-29,0.0622294890687511,0.12859828541530333,3,1
GOOGL,2025-07-23 16:00:00-04:00,2025-07-23,-0.004441597280916098,0.03806055819003566,2,0
GOOGL,2025-04-24 16:00:00-04:00,2025-04-24,0.013849181266203003,-0.006461992970951814,2,0
GOOGL,2025-02-04 16:00:00-05:00,2025-02-04,-0.0580938010658124,-0.04950823819533681,1,0
GOOGL,2024-10-29 16:00:00-04:00,2024-10-29,0.0473317948628584,-0.059381507361876085,1,0
GOOGL,2024-07-23 16:00:00-04:00,2024-07-23,-0.0254960207256021,-0.07390970669646012,2,0
GOOGL,2024-04-25 16:00:00-04:00,2024-04-25,0.07689904373650201,-0.022096202582526377,2,0
GOOGL,2024-01-30 16:00:00-05:00,2024-01-30,-0.071266606425919,-0.06085891347566652,2,0
GOOGL,2023-10-24 16:00:00-04:00,2023-10-24,-0.0713582153902269,0.012397294917676304,2,0
GOOGL,2023-07-25 16:00:00-04:00,2023-07-25,0.0604810391164467,0.052853216656838,2,0
GOOGL,2023-04-25 16:00:00-04:00,2023-04-25,-0.0012444606989096005,0.13998358166892522,2,0
GOOGL,2023-02-02 16:00:00-05:00,2023-02-02,0.041385498387098804,-0.07129487872850779,3,1
GOOGL,2022-10-25 16:00:00-04:00,2022-10-25,-0.0807212880450308,-0.009160270094534503,2,0
GOOGL,2022-07-26 16:00:00-04:00,2022-07-26,0.039261052705623196,-0.02437844372798061,2,0
GOOGL,2022-04-26 16:00:00-04:00,2022-04-26,-0.046505542856380006,-0.0253206984999316,2,0
GOOGL,2022-02-01 16:00:00-05:00,2022-02-01,0.0760647081010132,-0.0498242330738182,2,0
GOOGL,2021-10-26 16:00:00-04:00,2021-10-26,0.0666685733756838,-0.0329636608395741,2,0
GOOGL,2021-07-27 16:00:00-04:00,2021-07-27,0.0208358526782099,0.020678537285673697,3,1
GOOGL,2021-04-27 16:00:00-04:00,2021-04-27,0.022006995218416796,0.006491356570603502,2,0
GOOGL,2021-02-02 16:00:00-05:00,2021-02-02,0.0716592087005325,0.0020755158746876,3,1
GOOGL,2020-10-29 16:00:00-04:00,2020-10-29,0.0688056243085817,-0.019519986876180898,4,1
GOOGL,2020-07-30 16:00:00-04:00,2020-07-30,-0.027355549955032407,0.026998225292598266,6,1
GOOGL,2020-04-28 16:00:00-04:00,2020-04-28,0.03721732003545441,0.022062941887851902,1,0
GOOGL,2020-02-03 16:00:00-05:00,2020-02-03,-0.0129826563728773,0.0062437430569715,1,0
HD,2025-11-18 06:00:00-05:00,2025-11-18,-0.0615405904090659,0.0473101753753561,1,0
HD,2025-08-19 06:00:00-04:00,2025-08-19,0.0263431453354915,0.00814415905151946,1,0
HD,2025-05-20 06:00:00-04:00,2025-05-20,-0.002398736098496202,-0.07444049139746409,1,0
HD,2025-02-25 06:00:00-05:00,2025-02-25,0.025747581055817398,-0.026379751736704992,1,0
HD,2024-11-12 06:00:00-05:00,2024-11-12,0.007499066539121899,0.004836168135182501,1,0
HD,2024-08-13 06:00:00-04:00,2024-08-13,0.008686695260690496,0.029901423438859355,1,0
HD,2024-05-14 06:00:00-04:00,2024-05-14,0.005673745137677898,-0.017424321588807273,1,0
HD,2024-02-20 06:00:00-05:00,2024-02-20,0.0095091906845884,0.011692646724851697,1,0
HD,2023-11-14 06:00:00-05:00,2023-11-14,0.0475152136704984,0.0917739969049633,1,0
HD,2023-08-15 06:00:00-04:00,2023-08-15,0.0283043620845876,-0.027751825786016093,1,0
HD,2023-05-16 06:00:00-04:00,2023-05-16,0.008653742700188599,-0.022936221494342292,1,0
HD,2023-02-21 06:00:00-05:00,2023-02-21,-0.04646241076429079,-0.027635221814802303,1,0
HD,2022-11-15 06:00:00-05:00,2022-11-15,0.0249768507275017,0.0613497349733582,1,0
HD,2022-08-16 06:00:00-04:00,2022-08-16,0.040781108184589195,-0.0840635378490502,1,0
HD,2022-05-17 06:00:00-04:00,2022-05-17,-0.015902397716968403,0.030486686150988,1,0
HD,2022-02-22 06:00:00-05:00,2022-02-22,-0.08445231685446129,-0.01959578938046238,1,0
HD,2021-11-16 06:00:00-05:00,2021-11-16,0.0621597055419698,0.020199039265724816,1,0
HD,2021-08-17 06:00:00-04:00,2021-08-17,-0.0226856545656236,0.03255393544983099,1,0
HD,2021-05-18 06:00:00-04:00,2021-05-18,-0.0062111303073878014,-0.0580006023292708,1,0
HD,2021-02-23 06:00:00-05:00,2021-02-23,-0.0706501682281402,0.1334068006888458,1,0
HD,2020-11-17 06:00:00-05:00,2020-11-17,-0.017672384925616597,-0.022892139926171215,1,0
HD,2020-08-18 06:00:00-04:00,2020-08-18,-0.016745889392894397,-4.74571663728867e-05,1,0
HD,2020-05-19 06:00:00-04:00,2020-05-19,-0.0358885369422072,0.003125751663981737,1,0
HD,2020-02-25 06:00:00-05:00,2020-02-25,0.0154548409991484,0.007358474647726307,1,0
JPM,2025-10-14 06:00:00-04:00,2025-10-14,-0.0103926470799398,0.020684513585814072,1,0
JPM,2025-07-15 06:00:00-04:00,2025-07-15,-0.009064846859815099,-0.015583043435497813,1,0
JPM,2025-04-11 06:00:00-04:00,2025-04-11,0.006214568781377303,0.028981625312222998,1,0
JPM,2025-01-15 06:00:00-05:00,2025-01-15,0.011061358791218298,0.054606188760090005,1,0
JPM,2024-10-11 06:00:00-04:00,2024-10-11,0.026588866381268596,0.060014323544259965,1,0
JPM,2024-07-12 06:00:00-04:00,2024-07-12,0.003776893298698597,0.03459187141832381,1,0
JPM,2024-04-12 06:00:00-04:00,2024-04-12,-0.037799363788927794,0.05145995895842521,1,0
JPM,2024-01-12 06:00:00-05:00,2024-01-12,-0.0106318135317293,-0.0028135321287948,3,1
JPM,2023-10-13 06:00:00-04:00,2023-10-13,0.008465622335999599,-0.02300562886308217,2,0
JPM,2023-07-14 06:00:00-04:00,2023-07-14,0.027299878935022802,0.01544319784748519,2,0
JPM,2023-04-14 06:00:00-04:00,2023-04-14,0.08229335783297319,-0.030273649089009792,2,0
JPM,2023-01-13 06:00:00-05:00,2023-01-13,0.007733837254258297,-0.019679187157919616,3,1
JPM,2022-10-14 06:00:00-04:00,2022-10-14,0.0557325440717047,0.0707566461588242,2,0
JPM,2022-07-14 06:00:00-04:00,2022-07-14,-0.005782046398506293,-0.024809209825868397,1,0
JPM,2022-04-13 06:00:00-04:00,2022-04-13,-0.0405048013490263,0.028082491579818097,1,0
JPM,2022-01-14 06:00:00-05:00,2022-01-14,-0.0860906976879786,0.0453798173842574,1,0
JPM,2021-10-13 06:00:00-04:00,2021-10-13,-0.031443576672446204,-0.02120827280597434,1,0
JPM,2021-07-13 06:00:00-04:00,2021-07-13,-0.0163617060671124,0.022744464016125496,1,0
JPM,2021-04-14 06:00:00-04:00,2021-04-14,-0.0196689303991471,0.0742032040613825,1,0
JPM,2021-01-15 06:00:00-05:00,2021-01-15,-0.0228086760391327,0.015463897625689898,1,0
JPM,2020-10-13 06:00:00-04:00,2020-10-13,-0.0089517987962538,0.12162897773219117,1,0
JPM,2020-07-14 06:00:00-04:00,2020-07-14,-0.0009348641795364002,-0.01384567144205339,1,0
JPM,2020-04-14 06:00:00-04:00,2020-04-14,-0.0849599733167257,-0.08424480383852656,1,0
JPM,2020-01-14 06:00:00-05:00,2020-01-14,-0.004059043284367798,-0.017632742884613403,1,0
MA,2025-10-30 08:00:00-04:00,2025-10-30,0.0030426495426228006,-0.011503253622069913,3,1
MA,2025-07-31 08:00:00-04:00,2025-07-31,0.021689792569573506,0.024906488184182965,3,1
MA,2025-05-01 08:00:00-04:00,2025-05-01,-0.0011972061428447995,-0.006564929669160405,3,1
MA,2025-01-30 08:00:00-05:00,2025-01-30,0.012622057374648402,0.06485220705931109,2,0
MA,2024-10-31 08:00:00-04:00,2024-10-31,0.0049280533971533015,-0.010294543172453579,3,1
MA,2024-07-31 08:00:00-04:00,2024-07-31,0.0314422109228831,0.011454177157373253,2,0
MA,2024-05-01 08:00:00-04:00,2024-05-01,-0.028535431784871904,-0.029743781896532116,1,0
MA,2024-01-31 08:00:00-05:00,2024-01-31,0.0383262750859506,-0.012786771546729003,1,0
MA,2023-10-26 08:00:00-04:00,2023-10-26,-0.041115594193602896,0.015024796058350344,2,0
MA,2023-07-27 08:00:00-04:00,2023-07-27,-0.0267207170582639,0.06297843256407899,1,0
MA,2023-04-27 08:00:00-04:00,2023-04-27,0.007417639142469901,-0.024106176971362896,2,0
MA,2023-01-26 08:00:00-05:00,2023-01-26,-0.0352652870268347,-0.031525483696740395,1,0
MA,2022-10-27 08:00:00-04:00,2022-10-27,0.0127360192788106,0.030293837702260403,3,1
MA,2022-07-28 08:00:00-04:00,2022-07-28,0.003423823300459497,-0.046747694028773,3,1
MA,2022-04-28 08:00:00-04:00,2022-04-28,0.018648977459586998,-0.021492210952181297,3,1
MA,2022-01-27 08:00:00-05:00,2022-01-27,0.0883673451148582,-0.045799086807508806,2,0
MA,2021-10-28 08:00:00-04:00,2021-10-28,-0.012213865431148298,-0.042812582792337794,3,1
MA,2021-07-29 08:00:00-04:00,2021-07-29,0.0073324403837157,-0.1069378973285621,2,0
MA,2021-04-29 08:00:00-04:00,2021-04-29,-0.0344509527671196,-0.06345855576997601,2,0
MA,2021-01-28 08:00:00-05:00,2021-01-28,0.01464167883057,0.08959974917437871,1,0
MA,2020-10-28 08:00:00-04:00,2020-10-28,-0.05094596294883369,0.0552179041160173,1,0
MA,2020-07-30 08:00:00-04:00,2020-07-30,-0.006825157467676601,0.10199477328307045,6,1
MA,2020-04-29 11:00:00-04:00,2020-04-29,0.0245406451297663,0.04520476698681349,4,1
MA,2020-01-29 08:00:00-05:00,2020-01-29,0.010661436873265802,-0.0075376068160213985,4,1
META,2025-10-29 16:00:00-04:00,2025-10-29,-0.10252374957092861,-0.030891509904954515,3,1
META,2025-07-30 16:00:00-04:00,2025-07-30,0.1106947884914428,-0.05331716330870063,2,0
META,2025-04-30 16:00:00-04:00,2025-04-30,0.0249812019275985,0.07386693566009658,2,0
META,2025-01-29 16:00:00-05:00,2025-01-29,0.0178550331542235,-0.008151370697609206,3,1
META,2024-10-30 16:00:00-04:00,2024-10-30,-0.0207922300841996,-0.0445637215726766,2,0
META,2024-07-31 16:00:00-04:00,2024-07-31,0.0712853210897773,0.01434134962262256,2,0
META,2024-04-24 16:00:00-04:00,2024-04-24,-0.1065803726559016,0.011635710549606219,1,0
META,2024-02-01 16:00:00-05:00,2024-02-01,0.1914540688750513,0.016050646075661805,3,1
META,2023-10-25 16:00:00-04:00,2023-10-25,-0.052655755910202294,0.06245185141055881,1,0
META,2023-07-26 16:00:00-04:00,2023-07-26,0.0644094887623665,-0.04471589964790232,1,0
META,2023-04-26 16:00:00-04:00,2023-04-26,0.1324961088571502,0.05274740888044661,1,0
META,2023-02-01 16:00:00-05:00,2023-02-01,0.2354972868649624,0.0164698394844604,1,0
META,2022-10-26 16:00:00-04:00,2022-10-26,-0.288619583650923,0.08250313684395501,1,0
META,2022-07-27 16:00:00-04:00,2022-07-27,-0.0252198772610363,0.0213057500848639,1,0
META,2022-04-27 16:00:00-04:00,2022-04-27,0.11470637981836691,-0.007257276171828218,1,0
META,2022-02-02 16:00:00-05:00,2022-02-02,-0.2375708603584409,-0.1337067420042612,1,0
META,2021-10-25 16:00:00-04:00,2021-10-25,-0.0328795710815042,0.041657830266667195,1,0
META,2021-07-28 16:00:00-04:00,2021-07-28,-0.0289427643388078,0.004861299572275705,1,0
META,2021-04-28 16:00:00-04:00,2021-04-28,0.0785161391751322,0.013728856960383808,2,0
META,2021-01-27 16:00:00-05:00,2021-01-27,-0.045531679827835396,-0.034026427718239605,3,1
META,2020-10-29 16:00:00-04:00,2020-10-29,-0.013672183379970698,-0.04692276787713709,4,1
META,2020-07-30 16:00:00-04:00,2020-07-30,0.0826008385530376,0.08264680972178595,6,1
META,2020-04-29 17:00:00-04:00,2020-04-29,0.0989752498552404,0.049762341624295575,4,1
META,2020-01-29 16:00:00-05:00,2020-01-29,-0.038812769840232804,0.017547672545421403,4,1
MSFT,2025-10-29 16:00:00-04:00,2025-10-29,-0.0195985657385938,-0.06874421438508213,3,1
MSFT,2025-07-30 16:00:00-04:00,2025-07-30,0.0457922701028257,-0.06990381751788854,2,0
MSFT,2025-04-30 16:00:00-04:00,2025-04-30,0.0718657783953107,0.02690603531098744,2,0
MSFT,2025-01-29 16:00:00-05:00,2025-01-29,-0.07358314391162471,-0.023934466537937016,3,1
MSFT,2024-10-30 16:00:00-04:00,2024-10-30,-0.0365564980843412,-0.0139341940621854,2,0
MSFT,2024-07-30 16:00:00-04:00,2024-07-30,-0.0309221742302723,-0.030373086056589393,2,0
MSFT,2024-04-25 16:00:00-04:00,2024-04-25,-0.0119265072969352,0.01906018094847592,2,0
MSFT,2024-01-30 16:00:00-05:00,2024-01-30,-0.0126136857579183,-0.008502935105042908,2,0
MSFT,2023-10-24 16:00:00-04:00,2023-10-24,0.041164825629885,0.021413231451268007,2,0
MSFT,2023-07-25 16:00:00-04:00,2023-07-25,-0.023512272664827298,-0.0015554387851153028,2,0
MSFT,2023-04-25 16:00:00-04:00,2023-04-25,0.0700082443679394,0.0469054748318479,2,0
MSFT,2023-01-24 16:00:00-05:00,2023-01-24,-0.0074354371810097,0.06258594173324651,1,0
MSFT,2022-10-25 16:00:00-04:00,2022-10-25,-0.0717989154067664,0.023071737598446808,2,0
MSFT,2022-07-26 16:00:00-04:00,2022-07-26,0.025942260395111105,-0.001915686049457304,2,0
MSFT,2022-04-26 16:00:00-04:00,2022-04-26,0.0368542973976882,-0.02242844166895288,2,0
MSFT,2022-01-25 16:00:00-05:00,2022-01-25,0.016622441253967397,0.00955593499809088,1,0
MSFT,2021-10-26 16:00:00-04:00,2021-10-26,0.0520702057023461,0.013415996414827904,2,0
MSFT,2021-07-27 16:00:00-04:00,2021-07-27,-0.0048327869365463,0.033492316510432794,3,1
MSFT,2021-04-27 16:00:00-04:00,2021-04-27,-0.026176967348189802,-0.012764596072478294,2,0
MSFT,2021-01-26 16:00:00-05:00,2021-01-26,0.040654032964158204,-0.034311590971661005,1,0
MSFT,2020-10-27 16:00:00-04:00,2020-10-27,0.0031496116704521,-0.04596341313547779,1,0
MSFT,2020-07-22 16:00:00-04:00,2020-07-22,-0.022883744796973905,0.016742258815094065,2,0
MSFT,2020-04-29 16:00:00-04:00,2020-04-29,0.0380373892071776,-0.021741802697745203,4,1
MSFT,2020-01-29 16:00:00-05:00,2020-01-29,0.0413811830623176,0.04310313183452551,4,1
NVDA,2025-11-19 16:00:00-05:00,2025-11-19,0.008306098920121394,-0.039657295944575816,1,0
NVDA,2025-08-27 16:00:00-04:00,2025-08-27,-0.014629602406888098,-0.02938924429947829,1,0
NVDA,2025-05-28 16:00:00-04:00,2025-05-28,0.0292361042192807,0.08386620290296551,1,0
NVDA,2025-02-26 16:00:00-05:00,2025-02-26,-0.0326022979634439,-0.03365477401724019,1,0
NVDA,2024-11-20 16:00:00-05:00,2024-11-20,-0.007978992450187499,-0.07989580675614807,1,0
NVDA,2024-08-28 16:00:00-04:00,2024-08-28,-0.07909933580873364,0.0175632686405525,1,0
NVDA,2024-05-22 16:00:00-04:00,2024-05-22,0.09880922338840051,0.10594675809413573,1,0
NVDA,2024-02-21 16:00:00-05:00,2024-02-21,0.11389869172347437,0.12833621794617328,1,0
NVDA,2023-11-21 16:00:00-05:00,2023-11-21,-0.035493524847879,-0.0332784922260871,1,0
NVDA,2023-08-23 16:00:00-04:00,2023-08-23,0.0354257902151807,-0.1102073714181099,1,0
NVDA,2023-05-24 16:00:00-04:00,2023-05-24,0.2373931559487974,0.03188201401138169,1,0
NVDA,2023-02-22 16:00:00-05:00,2023-02-22,0.14106564750035877,0.15868038540997703,1,0
NVDA,2022-11-16 16:00:00-05:00,2022-11-16,-0.049318169842950496,0.08867324866921758,1,0
NVDA,2022-08-24 16:00:00-04:00,2022-08-24,0.0251907998414477,-0.21732176434313938,1,0
NVDA,2022-05-25 16:00:00-04:00,2022-05-25,0.07361258184142741,-0.006237142405720705,1,0
NVDA,2022-02-16 16:00:00-05:00,2022-02-16,-0.054746988252509794,0.07276808348213498,1,0
NVDA,2021-11-17 16:00:00-05:00,2021-11-17,0.0503426806191053,-0.0955729639649067,1,0
NVDA,2021-08-18 16:00:00-04:00,2021-08-18,0.0277253057722069,0.09817970558709778,1,0
NVDA,2021-05-26 16:00:00-04:00,2021-05-26,-0.012673645944424501,0.1897274823649479,1,0
NVDA,2021-02-24 16:00:00-05:00,2021-02-24,-0.04385737761100559,-0.07118325307313551,1,0
NVDA,2020-11-18 16:00:00-05:00,2020-11-18,0.0091655771720284,-0.046401124651173804,1,0
NVDA,2020-08-19 16:00:00-04:00,2020-08-19,-0.008714438171365198,0.03655696127297001,1,0
NVDA,2020-05-21 16:00:00-04:00,2020-05-21,0.011896360545195304,0.0032912552917355176,1,0
NVDA,2020-02-13 16:00:00-05:00,2020-02-13,0.0632117697967606,-0.016287486928666085,1,0
PG,2025-10-24 07:00:00-04:00,2025-10-24,-0.0160431909327481,-0.006995184671965811,1,0
PG,2025-07-29 07:00:00-04:00,2025-07-29,-0.0231026147162512,0.007517851408212259,2,0
PG,2025-04-24 07:00:00-04:00,2025-04-24,-0.0563444701609214,-0.020783150411489502,2,0
PG,2025-01-22 07:00:00-05:00,2025-01-22,0.0161535983990959,0.04863338781752849,1,0
PG,2024-10-18 06:00:00-04:00,2024-10-18,-0.01232224257946608,-0.00016122004144079015,1,0
PG,2024-07-30 07:00:00-04:00,2024-07-30,-0.06543285876914151,0.03673624383941515,2,0
PG,2024-04-19 06:00:00-04:00,2024-04-19,0.0200998462180279,-0.01791484714430178,1,0
PG,2024-01-23 06:00:00-05:00,2024-01-23,0.025301313384466798,0.0092887221122471,1,0
PG,2023-10-18 06:00:00-04:00,2023-10-18,0.0422599853046264,-0.0242735409723876,2,0
PG,2023-07-28 06:00:00-04:00,2023-07-28,0.015871327387441,0.016950129284374095,2,0
PG,2023-04-21 06:00:00-04:00,2023-04-21,0.0345777442803339,-0.0619330024236769,1,0
PG,2023-01-19 07:00:00-05:00,2023-01-19,-0.028635885698799997,-0.04931307970337291,1,0
PG,2022-10-19 07:00:00-04:00,2022-10-19,0.011861613910556698,0.02615127484314156,2,0
PG,2022-07-29 06:00:00-04:00,2022-07-29,-0.0446936953203645,0.0109244247584778,2,0
PG,2022-04-20 06:00:00-04:00,2022-04-20,0.0415130385830542,-0.0213938613745239,2,0
PG,2022-01-19 06:00:00-05:00,2022-01-19,0.060475954565655604,0.0071887728755338845,3,1
PG,2021-10-19 07:00:00-04:00,2021-10-19,-0.019534837391988503,0.0130880148540699,1,0
PG,2021-07-30 06:00:00-04:00,2021-07-30,0.0242096942509199,-0.025396348178073,2,0
PG,2021-04-20 07:00:00-04:00,2021-04-20,-0.00032869194856760195,0.01731510029591169,1,0
PG,2021-01-20 07:00:00-05:00,2021-01-20,-0.028234418763413902,-0.04463834455018749,2,0
PG,2020-10-20 07:00:00-04:00,2020-10-20,0.007308032956517801,-0.05806397583527999,1,0
PG,2020-07-30 07:00:00-04:00,2020-07-30,0.0176210075757805,-0.01421183066085574,6,1
PG,2020-04-17 08:00:00-04:00,2020-04-17,-0.015943698116272102,-0.07845740348396966,1,0
PG,2020-01-23 07:00:00-05:00,2020-01-23,0.004375082105840599,0.004369227090242404,1,0
TSLA,2025-10-22 16:00:00-04:00,2025-10-22,0.013870771701653,-0.0882130744088458,1,0
TSLA,2025-07-23 16:00:00-04:00,2025-07-23,-0.0894537174656672,0.04929046825990828,2,0
TSLA,2025-04-22 16:00:00-04:00,2025-04-22,0.058171036892835704,0.215808618570628,1,0
TSLA,2025-01-29 16:00:00-05:00,2025-01-29,0.0052660819932215,-0.27969575775694394,3,1
TSLA,2024-10-23 16:00:00-04:00,2024-10-23,0.2063456298486008,0.2656349905022978,1,0
TSLA,2024-07-23 20:00:00-04:00,2024-07-23,-0.1195115952350088,0.010001699914888596,2,0
TSLA,2024-04-23 16:00:00-04:00,2024-04-23,0.127733630962307,0.07649544848086802,1,0
TSLA,2024-01-24 16:00:00-05:00,2024-01-24,-0.1340487793914779,0.015565537218443087,1,0
TSLA,2023-10-18 16:00:00-04:00,2023-10-18,-0.1186453751017618,0.01482101048194761,2,0
TSLA,2023-07-19 16:00:00-04:00,2023-07-19,-0.1000500376738693,-0.14101368513655776,1,0
TSLA,2023-04-19 16:00:00-04:00,2023-04-19,-0.1120155251381858,0.06918103352427431,1,0
TSLA,2023-01-25 16:00:00-05:00,2023-01-25,0.1020603166644555,0.24536740150656608,1,0
TSLA,2022-10-19 17:00:00-04:00,2022-10-19,-0.0426008160642761,-0.18937600849918507,2,0
TSLA,2022-07-20 17:00:00-04:00,2022-07-20,0.08927167852012549,0.047050329544695076,1,0
TSLA,2022-04-20 16:00:00-04:00,2022-04-20,-0.0015430096475128954,-0.21054664189934297,2,0
TSLA,2022-01-26 16:00:00-05:00,2022-01-26,-0.08739587423915221,-0.024232454950738985,1,0
TSLA,2021-10-20 15:00:00-04:00,2021-10-20,0.027805306205118903,0.1944318155436593,1,0
TSLA,2021-07-26 16:00:00-04:00,2021-07-26,0.0047108188060766,0.0792288507739113,1,0
TSLA,2021-04-26 16:00:00-04:00,2021-04-26,-0.0351338917461652,-0.14644936882946819,1,0
TSLA,2021-01-27 16:00:00-05:00,2021-01-27,-0.03884198227436679,-0.2051671550560869,3,1
TSLA,2020-10-21 18:00:00-04:00,2020-10-21,0.0055195553916872996,0.1348744376530506,1,0
TSLA,2020-07-22 16:00:00-04:00,2020-07-22,-0.028252848034494602,0.2596383866843532,2,0
TSLA,2020-04-29 12:00:00-04:00,2020-04-29,0.0006721329358800009,0.029517424028078207,4,1
TSLA,2020-01-29 16:00:00-05:00,2020-01-29,0.12539754482215928,0.20275644618813263,4,1
UNH,2025-10-28 05:00:00-04:00,2025-10-28,-0.032253737713684304,-0.06062310920728051,1,0
UNH,2025-07-29 05:00:00-04:00,2025-07-29,-0.0516796123717666,0.1267931172612142,2,0
UNH,2025-04-17 05:00:00-04:00,2025-04-17,-0.2647974156805444,-0.41418061680814094,1,0
UNH,2025-01-16 06:00:00-05:00,2025-01-16,-0.0701560040902051,-0.038726199444003406,2,0
UNH,2024-10-15 06:00:00-04:00,2024-10-15,-0.050642035852755,0.03516096439743047,2,0
UNH,2024-07-16 06:00:00-04:00,2024-07-16,0.1175661195877557,0.0352259624364207,2,0
UNH,2024-04-16 05:00:00-04:00,2024-04-16,0.0814780896120043,0.02150211329113332,2,0
UNH,2024-01-12 05:00:00-05:00,2024-01-12,-0.0352147100474114,-0.042358300224737605,3,1
UNH,2023-10-13 05:00:00-04:00,2023-10-13,0.018292629497209598,-0.0015026849919385662,2,0
UNH,2023-07-14 05:00:00-04:00,2023-07-14,0.0777001163489906,0.060642738814757194,2,0
UNH,2023-04-14 05:00:00-04:00,2023-04-14,-0.041169138228236,-0.03439305663166029,2,0
UNH,2023-01-13 05:00:00-05:00,2023-01-13,-0.0235255568529303,-0.019382095552533396,3,1
UNH,2022-10-14 05:00:00-04:00,2022-10-14,0.0204589119809931,-0.09106141515720823,2,0
UNH,2022-07-15 05:00:00-04:00,2022-07-15,0.023933672956112706,-0.068495799838485,1,0
UNH,2022-04-14 05:00:00-04:00,2022-04-14,0.0065973212805438,0.0014192642213937071,1,0
UNH,2022-01-19 05:00:00-05:00,2022-01-19,0.0258086986894281,0.037432207953468195,3,1
UNH,2021-10-14 05:00:00-04:00,2021-10-14,0.035560518426471,0.023732991730867004,2,0
UNH,2021-07-15 05:00:00-04:00,2021-07-15,0.0232290285887185,-0.0566083309373362,1,0
UNH,2021-04-15 05:00:00-04:00,2021-04-15,0.0267615746287715,0.04894071397240392,2,0
UNH,2021-01-20 05:00:00-05:00,2021-01-20,-0.006726263078720301,-0.10348390263317517,2,0
UNH,2020-10-14 05:00:00-04:00,2020-10-14,-0.0129055502598044,0.07745612541843061,2,0
UNH,2020-07-15 05:00:00-04:00,2020-07-15,-0.010188431251093097,-0.002361264857924199,1,0
UNH,2020-04-15 06:00:00-04:00,2020-04-15,0.1172192639756984,-0.04555014189111117,2,0
UNH,2020-01-15 05:00:00-05:00,2020-01-15,0.0323742794168399,-0.022963548479714307,2,0
XOM,2025-10-31 06:00:00-04:00,2025-10-31,-0.0132808619088178,0.025800371863984393,1,0
XOM,2025-08-01 06:00:00-04:00,2025-08-01,-0.037428108972713196,0.06115742188474407,1,0
XOM,2025-05-02 06:00:00-04:00,2025-05-02,-0.0327258588583004,-0.042000688019740794,1,0
XOM,2025-01-31 06:00:00-05:00,2025-01-31,-0.0105216555787283,0.050076505118178294,1,0
XOM,2024-11-01 06:00:00-04:00,2024-11-01,0.0141026961973671,-0.057651668850726305,1,0
XOM,2024-08-02 06:00:00-04:00,2024-08-02,0.029090929446410004,-0.05006923009394412,1,0
XOM,2024-04-26 04:00:00-04:00,2024-04-26,-0.026548823192623604,-0.06999086682705559,1,0
XOM,2024-02-02 06:00:00-05:00,2024-02-02,-0.015107010428341,0.02040064975305459,1,0
XOM,2023-10-27 03:00:00-04:00,2023-10-27,-0.0233486500397466,-0.0994224788366363,1,0
XOM,2023-07-28 06:00:00-04:00,2023-07-28,0.005923116582206001,0.06040228740144821,2,0
XOM,2023-04-28 06:00:00-04:00,2023-04-28,-0.025613102259810103,-0.09770109511159462,1,0
XOM,2023-01-31 06:00:00-05:00,2023-01-31,-0.014703918012674101,0.012265409300997442,1,0
XOM,2022-10-28 06:00:00-04:00,2022-10-28,0.013715027122775102,-0.016948016655994103,1,0
XOM,2022-07-29 06:00:00-04:00,2022-07-29,0.009414850525908899,0.0900873099226455,2,0
XOM,2022-04-29 06:00:00-04:00,2022-04-29,0.022180896911727598,0.1216372160537085,1,0
XOM,2022-02-01 07:00:00-05:00,2022-02-01,0.0450432475072763,0.06474619896500289,2,0
XOM,2021-10-29 07:00:00-04:00,2021-10-29,0.0167314567190543,-0.0664829598164519,1,0
XOM,2021-07-30 07:00:00-04:00,2021-07-30,-0.015950421758064,-0.058407754354867496,2,0
XOM,2021-04-30 07:00:00-04:00,2021-04-30,0.0031739154491240984,0.041253700720391105,1,0
XOM,2021-02-02 07:00:00-05:00,2021-02-02,0.040107698405797296,0.24896084164464757,3,1
XOM,2020-10-30 07:00:00-04:00,2020-10-30,0.0305991986226245,0.061607084315687295,1,0
XOM,2020-07-31 07:00:00-04:00,2020-07-31,-0.005798717748759101,-0.09449337794395524,1,0
XOM,2020-05-01 08:00:00-04:00,2020-05-01,-0.007610233255023399,-0.004533820639897497,1,0
XOM,2020-01-31 07:00:00-05:00,2020-01-31,-0.0528568606300842,-0.0732560681422292,1,0
