ticker_x,earnings_datetime,event_day,surprise_car_0_1,drift_car_2_21,earnings_count,high_distraction,event_day_dt,ticker_y,date,attention,n_terms_used,attention_ma_8,attention_abn,date_dt,ticker
AAPL,2021-01-27 16:00:00-05:00,2021-01-27,-0.0268287253504681,-0.1266908073766606,3,1,2021-01-27,AAPL,2021-01-25,3.613447191292381,4.0,,,2021-01-25,AAPL
AAPL,2021-04-28 16:00:00-04:00,2021-04-28,-0.0128613171252576,-0.0581089473190421,2,0,2021-04-28,AAPL,2021-04-26,1.4790442093883929,4.0,0.6069630987092058,0.872081110679187,2021-04-26,AAPL
AAPL,2021-07-27 16:00:00-04:00,2021-07-27,-0.0221286947261863,0.0024869610798979,3,1,2021-07-27,AAPL,2021-07-26,0.9569116161980868,4.0,0.1402663403615588,0.816645275836528,2021-07-26,AAPL
AAPL,2021-10-28 16:00:00-04:00,2021-10-28,-0.0048418474756973,0.0586491001021068,3,1,2021-10-28,AAPL,2021-10-25,0.8253527425259397,4.0,-0.0336766939330157,0.8590294364589555,2021-10-25,AAPL
AAPL,2022-01-27 16:00:00-05:00,2022-01-27,0.0469373582762025,-0.0172001933097853,2,0,2022-01-27,AAPL,2022-01-24,1.4607137746973369,4.0,0.2546053310442255,1.206108443653111,2022-01-24,AAPL
AAPL,2022-04-28 16:00:00-04:00,2022-04-28,0.0202468243779794,-0.052622348197571,3,1,2022-04-28,AAPL,2022-04-25,1.1407543387488404,4.0,-0.1078898845520926,1.248644223300933,2022-04-25,AAPL
AAPL,2022-07-28 16:00:00-04:00,2022-07-28,0.0092437707283713,0.0256260850534156,3,1,2022-07-28,AAPL,2022-07-25,0.6485296379307045,4.0,-0.2489422230301436,0.8974718609608481,2022-07-25,AAPL
AAPL,2022-10-27 16:00:00-04:00,2022-10-27,0.0266367571459183,-0.0878330405033991,3,1,2022-10-27,AAPL,2022-10-24,0.9611344631189844,4.0,-0.2098458977656794,1.170980360884664,2022-10-24,AAPL
AAPL,2023-02-02 16:00:00-05:00,2023-02-02,0.0575345949388903,0.0179951088409417,3,1,2023-02-02,AAPL,2023-01-30,0.9299920976618432,4.0,-0.2510040140121198,1.180996111673963,2023-01-30,AAPL
AAPL,2023-05-04 16:00:00-04:00,2023-05-04,0.0255840105985129,0.0011070686873961,1,0,2023-05-04,AAPL,2023-05-01,0.5330717030925229,4.0,-0.4213714967940255,0.9544431998865484,2023-05-01,AAPL
AAPL,2023-08-03 16:00:00-04:00,2023-08-03,-0.0479531298322052,0.0329210325054046,2,0,2023-08-03,AAPL,2023-07-31,0.6730963514834218,4.0,-0.2619444810275551,0.9350408325109768,2023-07-31,AAPL
AAPL,2023-11-02 16:00:00-04:00,2023-11-02,-0.0127757995396647,0.02221908235174,1,0,2023-11-02,AAPL,2023-10-30,0.2401564595655582,4.0,-0.4260314713324489,0.6661879308980071,2023-10-30,AAPL
AAPL,2024-02-01 16:00:00-05:00,2024-02-01,-0.0156800523300706,-0.0936666687252213,3,1,2024-02-01,AAPL,2024-01-29,0.4593175464552891,4.0,-0.4134591518134175,0.8727766982687066,2024-01-29,AAPL
AAPL,2024-05-02 16:00:00-04:00,2024-05-02,0.0600992250476614,0.0265952165384854,1,0,2024-05-02,AAPL,2024-04-29,0.8544147471262994,4.0,-0.2488139444855761,1.1032286916118754,2024-04-29,AAPL
AAPL,2024-08-01 16:00:00-04:00,2024-08-01,0.0228980191812435,-0.0134585076949413,2,0,2024-08-01,AAPL,2024-07-29,0.4429298857987904,4.0,-0.0222622169465496,0.4651921027453401,2024-07-29,AAPL
AAPL,2024-10-31 16:00:00-04:00,2024-10-31,-0.0161063634112007,0.0180276814774906,3,1,2024-10-31,AAPL,2024-10-28,0.1515358371793297,4.0,-0.4097548913775958,0.5612907285569255,2024-10-28,AAPL
AAPL,2025-01-30 16:00:00-05:00,2025-01-30,-0.0141321351689479,0.0419022000556302,2,0,2025-01-30,AAPL,2025-01-27,0.9567753941347146,4.0,-0.338101711845418,1.2948771059801325,2025-01-27,AAPL
AAPL,2025-05-01 16:00:00-04:00,2025-05-01,-0.0554338250955149,-0.0587186085497369,3,1,2025-05-01,AAPL,2025-04-28,0.4132958023122169,4.0,0.1422638038587286,0.2710319984534882,2025-04-28,AAPL
AAPL,2025-07-31 16:00:00-04:00,2025-07-31,-0.0119416103121612,0.104316744915217,3,1,2025-07-31,AAPL,2025-07-28,2.0220091190693377,4.0,-0.0805226962009958,2.1025318152703334,2025-07-28,AAPL
AAPL,2025-10-30 16:00:00-04:00,2025-10-30,0.0102259815778731,0.0497203481454184,3,1,2025-10-30,AAPL,2025-10-27,4.992955589668226,4.0,2.4138914213415923,2.5790641683266333,2025-10-27,AAPL
AMZN,2021-02-02 16:00:00-05:00,2021-02-02,-0.0237838634893916,-0.091859533400924,3,1,2021-02-02,AMZN,2021-02-01,1.956525574200263,4.0,,,2021-02-01,AMZN
AMZN,2021-04-29 16:00:00-04:00,2021-04-29,0.0027809399314696,-0.0782760354722246,2,0,2021-04-29,AMZN,2021-04-26,0.8678485757043948,4.0,-0.2030948826134845,1.0709434583178794,2021-04-26,AMZN
AMZN,2021-07-29 16:00:00-04:00,2021-07-29,-0.0833136584475263,-0.0193255841576231,2,0,2021-07-29,AMZN,2021-07-26,0.6789300274013536,4.0,-0.2535272885698882,0.9324573159712418,2021-07-26,AMZN
AMZN,2021-10-28 16:00:00-04:00,2021-10-28,-0.017248027061734,0.0457769031900857,3,1,2021-10-28,AMZN,2021-10-25,0.3014859263577122,4.0,-0.5382861447853577,0.83977207114307,2021-10-25,AMZN
AMZN,2022-02-03 16:00:00-05:00,2022-02-03,0.0760342100369484,-0.0661411170811696,1,0,2022-02-03,AMZN,2022-01-31,2.136765348146682,4.0,-0.1615931376961635,2.298358485842846,2022-01-31,AMZN
AMZN,2022-04-28 16:00:00-04:00,2022-04-28,-0.0822639403030322,-0.0752730879020368,3,1,2022-04-28,AMZN,2022-04-25,1.7943211114271072,4.0,0.101090755628415,1.693230355798692,2022-04-25,AMZN
AMZN,2022-07-28 16:00:00-04:00,2022-07-28,0.087322596968504,-0.011820997264723,3,1,2022-07-28,AMZN,2022-07-25,1.3009555381728126,4.0,0.4417872320907499,0.8591683060820627,2022-07-25,AMZN
AMZN,2022-10-27 16:00:00-04:00,2022-10-27,-0.1271294636493224,-0.1028953141001445,3,1,2022-10-27,AMZN,2022-10-24,1.533220535294255,4.0,-0.177507098864417,1.710727634158672,2022-10-24,AMZN
AMZN,2023-02-02 16:00:00-05:00,2023-02-02,-0.0144435534011999,-0.0766262500792793,3,1,2023-02-02,AMZN,2023-01-30,1.2942702649246822,4.0,-0.0442563257788702,1.3385265907035524,2023-01-30,AMZN
AMZN,2023-04-27 16:00:00-04:00,2023-04-27,-0.0221317545476131,0.123424385919025,2,0,2023-04-27,AMZN,2023-04-24,1.0323821278791503,4.0,-0.2832395785652832,1.3156217064444335,2023-04-24,AMZN
AMZN,2023-08-03 16:00:00-04:00,2023-08-03,0.0955417634780527,-0.0188862826345865,2,0,2023-08-03,AMZN,2023-07-31,0.949036756568187,4.0,-0.1337209599878441,1.0827577165560311,2023-07-31,AMZN
AMZN,2023-10-26 16:00:00-04:00,2023-10-26,0.069842773437875,0.0459535076320747,2,0,2023-10-26,AMZN,2023-10-23,0.6393663833106815,4.0,-0.4355287748134185,1.0748951581241002,2023-10-23,AMZN
AMZN,2024-02-01 16:00:00-05:00,2024-02-01,0.0813396814239369,-0.0012198449442046,3,1,2024-02-01,AMZN,2024-01-29,0.9750682684531248,4.0,-0.2933545165974557,1.2684227850505805,2024-01-29,AMZN
AMZN,2024-04-30 16:00:00-04:00,2024-04-30,0.0090101845824323,-0.0410473444597933,1,0,2024-04-30,AMZN,2024-04-29,0.957219651723842,4.0,-0.1901508058051343,1.1473704575289765,2024-04-29,AMZN
AMZN,2024-08-01 12:00:00-04:00,2024-08-01,-0.0706308641752984,0.007282019626068,2,0,2024-08-01,AMZN,2024-07-29,0.8850942223357716,4.0,-0.1590210502247173,1.044115272560489,2024-07-29,AMZN
AMZN,2024-10-31 16:00:00-04:00,2024-10-31,0.04439501459313,0.0102507710686946,3,1,2024-10-31,AMZN,2024-10-28,0.7674569440663803,4.0,-0.3229938517916494,1.0904507958580298,2024-10-28,AMZN
AMZN,2025-02-06 16:00:00-05:00,2025-02-06,-0.0235899144626556,-0.0923734055107047,1,0,2025-02-06,AMZN,2025-02-03,1.1289721569425477,4.0,-0.146839360211453,1.2758115171540008,2025-02-03,AMZN
AMZN,2025-05-01 16:00:00-04:00,2025-05-01,0.0082538337617842,0.0429447082011037,3,1,2025-05-01,AMZN,2025-04-28,0.9966008086289466,4.0,0.2227268752527861,0.7738739333761605,2025-04-28,AMZN
AMZN,2025-07-31 16:00:00-04:00,2025-07-31,-0.0455251008572763,0.0293598834185363,3,1,2025-07-31,AMZN,2025-07-28,3.0957144934746177,4.0,0.1977389466060759,2.8979755468685418,2025-07-28,AMZN
AMZN,2025-10-30 16:00:00-04:00,2025-10-30,0.0712570814050611,-0.0372347416461456,3,1,2025-10-30,AMZN,2025-10-27,6.263280430615046,4.0,2.3243658519707235,3.9389145786443223,2025-10-27,AMZN
AVGO,2021-03-04 16:00:00-05:00,2021-03-04,-0.0333023724130683,0.0376633346024686,2,0,2021-03-04,AVGO,2021-03-01,-0.3878517825169573,4.0,-0.4499223432469241,0.0620705607299667,2021-03-01,AVGO
AVGO,2021-06-03 16:00:00-04:00,2021-06-03,-0.002340234263369,-0.0348655544735274,1,0,2021-06-03,AVGO,2021-05-31,-0.4391133692172975,4.0,-0.4828839425557416,0.0437705733384441,2021-05-31,AVGO
AVGO,2021-09-02 16:00:00-04:00,2021-09-02,0.0063617890313702,0.0154559495150675,1,0,2021-09-02,AVGO,2021-08-30,-0.4260793586364052,4.0,-0.4876623895706726,0.0615830309342674,2021-08-30,AVGO
AVGO,2021-12-09 16:00:00-05:00,2021-12-09,0.0713240526830396,5.317625519268496e-05,2,0,2021-12-09,AVGO,2021-12-06,-0.3617837613551728,4.0,-0.4764215907417473,0.1146378293865745,2021-12-06,AVGO
AVGO,2022-03-03 16:00:00-05:00,2022-03-03,0.0309012700191143,0.0103455244864502,2,0,2022-03-03,AVGO,2022-02-28,-0.4130453480555129,4.0,-0.4699592389277529,0.0569138908722399,2022-02-28,AVGO
AVGO,2022-05-26 07:00:00-04:00,2022-05-26,0.0505030650518076,-0.0652464330927642,2,0,2022-05-26,AVGO,2022-05-23,-0.210622368123839,4.0,-0.4412961226360193,0.2306737545121802,2022-05-23,AVGO
AVGO,2022-09-01 16:00:00-04:00,2022-09-01,0.0098678738867769,-0.0181375868814259,1,0,2022-09-01,AVGO,2022-08-29,-0.4004485652862352,4.0,-0.4588824005281831,0.0584338352419478,2022-08-29,AVGO
AVGO,2022-12-08 16:00:00-05:00,2022-12-08,0.0495820344701855,0.067340948675078,2,0,2022-12-08,AVGO,2022-12-05,-0.4004485652862352,4.0,-0.4708352588702583,0.0703866935840231,2022-12-05,AVGO
AVGO,2023-03-02 16:00:00-05:00,2023-03-02,0.0417214310747905,0.0045804516319659,2,0,2023-03-02,AVGO,2023-02-27,-0.4004485652862352,4.0,-0.4587730935752795,0.0583245282890443,2023-02-27,AVGO
AVGO,2023-06-01 16:00:00-04:00,2023-06-01,-0.0183394416041061,0.0455997472067488,2,0,2023-06-01,AVGO,2023-05-29,0.0382144635823209,4.0,-0.3676183718576181,0.405832835439939,2023-05-29,AVGO
AVGO,2023-08-31 16:00:00-04:00,2023-08-31,-0.0206748564751265,0.0138831238858493,1,0,2023-08-31,AVGO,2023-08-28,-0.1280592264120127,4.0,-0.3379488812631276,0.2098896548511148,2023-08-28,AVGO
AVGO,2023-12-07 16:00:00-05:00,2023-12-07,0.0325739589702449,0.1141972849884468,1,0,2023-12-07,AVGO,2023-12-04,-0.1489153257733586,4.0,-0.3038482619335558,0.1549329361601972,2023-12-04,AVGO
AVGO,2024-03-07 16:00:00-05:00,2024-03-07,-0.0315519406065074,0.011972133931732,2,0,2024-03-07,AVGO,2024-03-04,0.8434917738001566,4.0,-0.0388539227599732,0.88234569656013,2024-03-04,AVGO
AVGO,2024-06-12 16:00:00-04:00,2024-06-12,0.1360604584218944,-0.0075298010540489,1,0,2024-06-12,AVGO,2024-06-10,1.4386748849100046,4.0,-0.0008769166292276,1.4395518015392323,2024-06-10,AVGO
AVGO,2024-09-05 16:00:00-04:00,2024-09-05,-0.0926931699748448,0.2031626643306043,1,0,2024-09-05,AVGO,2024-09-02,0.9060989862177492,4.0,0.4863653698628187,0.4197336163549305,2024-09-02,AVGO
AVGO,2024-12-12 16:00:00-05:00,2024-12-12,0.2358129671599459,0.0446999042315369,2,0,2024-12-12,AVGO,2024-12-09,1.723587965616475,4.0,0.2769853696559938,1.4466025959604811,2024-12-09,AVGO
AVGO,2025-03-06 16:00:00-05:00,2025-03-06,0.0352613576678557,-0.1469451086940452,2,0,2025-03-06,AVGO,2025-03-03,1.327927206856191,4.0,0.6451369235805673,0.6827902832756236,2025-03-03,AVGO
AVGO,2025-06-05 16:00:00-04:00,2025-06-05,-0.0598544756796321,0.0640719828323335,1,0,2025-06-05,AVGO,2025-06-02,1.6366011169007373,4.0,0.4001996304687157,1.2364014864320216,2025-06-02,AVGO
AVGO,2025-09-04 16:00:00-04:00,2025-09-04,0.1008619487753166,-0.0170998077273588,1,0,2025-09-04,AVGO,2025-09-01,8.454050636397607,4.0,2.507972056072817,5.94607858032479,2025-09-01,AVGO
BAC,2021-01-19 06:00:00-05:00,2021-01-19,-0.042082963314108,0.0404109927010734,1,0,2021-01-19,BAC,2021-01-18,0.6506556219855189,4.0,,,2021-01-18,BAC
BAC,2021-04-15 12:00:00-04:00,2021-04-15,-0.0320872845078581,0.0815180526236649,2,0,2021-04-15,BAC,2021-04-12,0.8198682815250409,4.0,0.2291332894679956,0.5907349920570453,2021-04-12,BAC
BAC,2021-07-14 06:00:00-04:00,2021-07-14,-0.0239364304983229,0.0605636244486992,1,0,2021-07-14,BAC,2021-07-12,0.4661178965290716,4.0,0.3889181339003111,0.0771997626287605,2021-07-12,BAC
BAC,2021-10-14 06:00:00-04:00,2021-10-14,0.0491458011987991,-0.0344293340042251,2,0,2021-10-14,BAC,2021-10-11,0.2206132167275761,4.0,-0.0860987764929921,0.3067119932205682,2021-10-11,BAC
BAC,2022-01-19 06:00:00-05:00,2022-01-19,0.0104849648644802,0.0295484330648943,3,1,2022-01-19,BAC,2022-01-17,0.5215841385482868,4.0,-0.1144471718992784,0.6360313104475652,2022-01-17,BAC
BAC,2022-04-18 06:00:00-04:00,2022-04-18,0.0360487867139471,-0.0083438299492196,1,0,2022-04-18,BAC,2022-04-18,0.1717546724145543,4.0,-0.0787771629185535,0.2505318353331079,2022-04-18,BAC
BAC,2022-07-18 06:00:00-04:00,2022-07-18,0.0153358307780386,0.0039657781041017,1,0,2022-07-18,BAC,2022-07-18,0.443794153022582,4.0,0.3302576662425235,0.1135364867800585,2022-07-18,BAC
BAC,2022-10-17 06:00:00-04:00,2022-10-17,0.0605987593892315,0.00620538702268,1,0,2022-10-17,BAC,2022-10-17,0.0947169210695712,4.0,-0.3814962863216989,0.4762132073912702,2022-10-17,BAC
BAC,2023-01-13 06:00:00-05:00,2023-01-13,-0.0001527095281039,-0.0051836897748799,3,1,2023-01-13,BAC,2023-01-09,0.0364859804476364,4.0,-0.4647559995263668,0.5012419799740033,2023-01-09,BAC
BAC,2023-04-18 06:00:00-04:00,2023-04-18,-0.0105885198961879,-0.0506725305923646,1,0,2023-04-18,BAC,2023-04-17,0.9018628212530764,4.0,0.6412501792514053,0.260612642001671,2023-04-17,BAC
BAC,2023-07-18 06:00:00-04:00,2023-07-18,0.0615990130633363,-0.0372537634649366,1,0,2023-07-18,BAC,2023-07-17,1.376905093036385,4.0,0.4431288495316819,0.9337762435047032,2023-07-17,BAC
BAC,2023-10-17 06:00:00-04:00,2023-10-17,0.0254893997619317,0.041292993169242,1,0,2023-10-17,BAC,2023-10-16,0.0348984980427023,4.0,-0.3847184424931645,0.4196169405358668,2023-10-16,BAC
BAC,2024-01-12 06:00:00-05:00,2024-01-12,-0.0283111344126553,-0.0188201844514379,3,1,2024-01-12,BAC,2024-01-08,-0.1749840287964262,4.0,-0.4205807324146116,0.2455967036181853,2024-01-08,BAC
BAC,2024-04-16 06:00:00-04:00,2024-04-16,-0.0117254301495396,0.0435533600693805,2,0,2024-04-16,BAC,2024-04-15,0.0036348062163425,4.0,-0.374411659520202,0.3780464657365445,2024-04-15,BAC
BAC,2024-07-16 06:00:00-04:00,2024-07-16,0.0581656764179266,-0.0998475435478603,2,0,2024-07-16,BAC,2024-07-15,0.3316287148094972,4.0,0.1663202360401302,0.1653084787693669,2024-07-15,BAC
BAC,2024-10-15 06:00:00-04:00,2024-10-15,0.0245734553479065,0.0478265317987573,2,0,2024-10-15,BAC,2024-10-14,0.1575636449752521,4.0,-0.3892798957793683,0.5468435407546205,2024-10-14,BAC
BAC,2025-01-16 06:00:00-05:00,2025-01-16,-0.0202417609149524,-0.022504172798408,2,0,2025-01-16,BAC,2025-01-13,0.0517138402820209,4.0,-0.4480494060698998,0.4997632463519208,2025-01-13,BAC
BAC,2025-04-15 06:00:00-04:00,2025-04-15,0.0436525605430114,0.0574938916332353,1,0,2025-04-15,BAC,2025-04-14,0.0196706382083178,4.0,-0.196395299018171,0.2160659372264888,2025-04-14,BAC
BAC,2025-07-16 06:00:00-04:00,2025-07-16,0.0094446590850947,-0.0107653712060821,1,0,2025-07-16,BAC,2025-07-14,0.6538713149961508,4.0,0.2074292959994728,0.4464420189966779,2025-07-14,BAC
BAC,2025-10-15 06:00:00-04:00,2025-10-15,0.010896787415016,0.0305902725238762,1,0,2025-10-15,BAC,2025-10-13,5.071595222784684,4.0,1.7997821766061133,3.271813046178571,2025-10-13,BAC
COST,2021-03-04 16:00:00-05:00,2021-03-04,-0.0264786912151,0.0692239325289976,2,0,2021-03-04,COST,2021-03-01,0.5799483301392809,4.0,-0.2272772187565573,0.8072255488958383,2021-03-01,COST
COST,2021-05-27 16:00:00-04:00,2021-05-27,-0.0212578569496872,0.0268405748484577,1,0,2021-05-27,COST,2021-05-24,-0.4007770020494301,4.0,-0.4298291392872893,0.0290521372378591,2021-05-24,COST
COST,2021-09-23 16:00:00-04:00,2021-09-23,0.0202599182793343,0.010177176058376,1,0,2021-09-23,COST,2021-09-20,-0.3418971373720949,4.0,-0.473832865858375,0.1319357284862801,2021-09-20,COST
COST,2021-12-09 16:00:00-05:00,2021-12-09,0.0522140697113869,-0.0647434681261979,2,0,2021-12-09,COST,2021-12-06,0.1073589266180496,4.0,-0.2014683337408502,0.3088272603588999,2021-12-06,COST
COST,2022-03-03 16:00:00-05:00,2022-03-03,0.0085036497882777,0.0402783978931417,2,0,2022-03-03,COST,2022-02-28,0.1524575616673528,4.0,-0.2377480512823105,0.3902056129496633,2022-02-28,COST
COST,2022-05-26 16:00:00-04:00,2022-05-26,0.0244098146357936,0.0797282470188673,2,0,2022-05-26,COST,2022-05-23,1.062989153923381,4.0,0.0647819283116888,0.998207225611692,2022-05-23,COST
COST,2022-10-05 06:00:00-04:00,2022-10-05,0.0052103162132536,0.0166857467236148,1,0,2022-10-05,COST,2022-10-03,-0.5076484945571662,4.0,-0.3797831006679233,-0.1278653938892429,2022-10-03,COST
COST,2022-12-08 16:00:00-05:00,2022-12-08,0.0018185554446416,0.0014548570921285,2,0,2022-12-08,COST,2022-12-05,-0.0714939750509613,4.0,-0.4195139003530389,0.3480199253020776,2022-12-05,COST
COST,2023-03-02 16:00:00-05:00,2023-03-02,-0.03062420281495,0.0275632147368324,2,0,2023-03-02,COST,2023-02-27,-0.0318941086712123,4.0,-0.3789615137174117,0.3470674050461993,2023-02-27,COST
COST,2023-06-01 06:00:00-04:00,2023-06-01,-0.0219484183473658,0.0141872889760175,2,0,2023-06-01,COST,2023-05-29,-0.5223409620282853,4.0,-0.4499719312854973,-0.072369030742788,2023-05-29,COST
COST,2023-09-26 16:00:00-04:00,2023-09-26,0.023275402319613,-0.0038572754824503,1,0,2023-09-26,COST,2023-09-25,-0.1176283757445416,4.0,-0.5286114762339292,0.4109831004893876,2023-09-25,COST
COST,2023-12-14 16:00:00-05:00,2023-12-14,0.0254134495056599,0.0550964339936222,1,0,2023-12-14,COST,2023-12-11,0.3895170226042753,4.0,-0.4088083390126907,0.7983253616169661,2023-12-11,COST
COST,2024-03-07 16:00:00-05:00,2024-03-07,-0.0643664265196281,-0.0350012959446972,2,0,2024-03-07,COST,2024-03-04,1.6826222672153248,4.0,0.0962792636449454,1.5863430035703794,2024-03-04,COST
COST,2024-06-06 06:00:00-04:00,2024-06-06,0.0147202376756349,0.0052107359007644,1,0,2024-06-06,COST,2024-06-03,-0.2020500891489848,4.0,-0.1102150529540343,-0.0918350361949504,2024-06-03,COST
COST,2024-09-26 16:00:00-04:00,2024-09-26,-0.0277477070566723,-0.0063483250954486,1,0,2024-09-26,COST,2024-09-23,0.9144469580480266,4.0,-0.013103229615304,0.9275501876633306,2024-09-23,COST
COST,2024-12-12 16:00:00-05:00,2024-12-12,-1.114327392229969e-05,-0.0533621475764364,2,0,2024-12-12,COST,2024-12-09,1.0428951531062292,4.0,0.1893883716697959,0.8535067814364332,2024-12-09,COST
COST,2025-03-06 16:00:00-05:00,2025-03-06,-0.0687151504574605,0.0764387869755148,2,0,2025-03-06,COST,2025-03-03,1.084262470272255,4.0,0.5348601316847363,0.5494023385875186,2025-03-03,COST
COST,2025-05-29 16:00:00-04:00,2025-05-29,0.0239957539898584,-0.0984395524482058,1,0,2025-05-29,COST,2025-05-26,0.3756598553333461,4.0,0.3533463553594106,0.0223134999739355,2025-05-26,COST
COST,2025-09-25 16:00:00-04:00,2025-09-25,-0.0321933603420117,-0.0048054901118502,1,0,2025-09-25,COST,2025-09-22,6.570484692676848,4.0,3.566284905944648,3.0041997867322,2025-09-22,COST
GOOGL,2021-02-02 16:00:00-05:00,2021-02-02,0.0716592087005325,0.0020755158746876,3,1,2021-02-02,GOOGL,2021-02-01,0.228327861696241,4.0,,,2021-02-01,GOOGL
GOOGL,2021-04-27 16:00:00-04:00,2021-04-27,0.0220069952184167,0.0064913565706035,2,0,2021-04-27,GOOGL,2021-04-26,-0.1142051559080325,4.0,-0.4553955426848849,0.3411903867768524,2021-04-26,GOOGL
GOOGL,2021-07-27 16:00:00-04:00,2021-07-27,0.0208358526782099,0.0206785372856736,3,1,2021-07-27,GOOGL,2021-07-26,-0.2412638254646931,4.0,-0.5735880375694921,0.3323242121047989,2021-07-26,GOOGL
GOOGL,2021-10-26 16:00:00-04:00,2021-10-26,0.0666685733756838,-0.0329636608395741,2,0,2021-10-26,GOOGL,2021-10-25,-0.0845757263031089,4.0,-0.4629268292008777,0.3783511028977687,2021-10-25,GOOGL
GOOGL,2022-02-01 16:00:00-05:00,2022-02-01,0.0760647081010132,-0.0498242330738182,2,0,2022-02-01,GOOGL,2022-01-31,1.3214151380647792,4.0,-0.2364151233546026,1.5578302614193815,2022-01-31,GOOGL
GOOGL,2022-04-26 16:00:00-04:00,2022-04-26,-0.04650554285638,-0.0253206984999316,2,0,2022-04-26,GOOGL,2022-04-25,0.8123555155987416,4.0,-0.0386446132246639,0.8510001288234056,2022-04-25,GOOGL
GOOGL,2022-07-26 16:00:00-04:00,2022-07-26,0.0392610527056231,-0.0243784437279806,2,0,2022-07-26,GOOGL,2022-07-25,0.5198137190234263,4.0,-0.1741400726816396,0.693953791705066,2022-07-25,GOOGL
GOOGL,2022-10-25 16:00:00-04:00,2022-10-25,-0.0807212880450308,-0.0091602700945345,2,0,2022-10-25,GOOGL,2022-10-24,0.4766117943028672,4.0,-0.285304909475825,0.7619167037786923,2022-10-24,GOOGL
GOOGL,2023-02-02 16:00:00-05:00,2023-02-02,0.0413854983870988,-0.0712948787285077,3,1,2023-02-02,GOOGL,2023-01-30,0.46627234556605,4.0,-0.3950613102415998,0.8613336558076499,2023-01-30,GOOGL
GOOGL,2023-04-25 16:00:00-04:00,2023-04-25,-0.0012444606989096,0.1399835816689252,2,0,2023-04-25,GOOGL,2023-04-24,0.1712585710221026,4.0,-0.3706333584891331,0.5418919295112358,2023-04-24,GOOGL
GOOGL,2023-07-25 16:00:00-04:00,2023-07-25,0.0604810391164467,0.052853216656838,2,0,2023-07-25,GOOGL,2023-07-24,0.1970380904573465,4.0,-0.4541434456304656,0.6511815360878122,2023-07-24,GOOGL
GOOGL,2023-10-24 16:00:00-04:00,2023-10-24,-0.0713582153902269,0.0123972949176763,2,0,2023-10-24,GOOGL,2023-10-23,0.1380963372970993,4.0,-0.4436117728774878,0.5817081101745871,2023-10-23,GOOGL
GOOGL,2024-01-30 16:00:00-05:00,2024-01-30,-0.071266606425919,-0.0608589134756665,2,0,2024-01-30,GOOGL,2024-01-29,0.6094570275949388,4.0,-0.3688294473051339,0.9782864749000728,2024-01-29,GOOGL
GOOGL,2024-04-25 16:00:00-04:00,2024-04-25,0.076899043736502,-0.0220962025825263,2,0,2024-04-25,GOOGL,2024-04-22,0.8182111573170925,4.0,0.0095937947325971,0.8086173625844953,2024-04-22,GOOGL
GOOGL,2024-07-23 16:00:00-04:00,2024-07-23,-0.0254960207256021,-0.0739097066964601,2,0,2024-07-23,GOOGL,2024-07-22,0.5386140565097891,4.0,-0.1708989777994982,0.7095130343092874,2024-07-22,GOOGL
GOOGL,2024-10-29 16:00:00-04:00,2024-10-29,0.0473317948628584,-0.059381507361876,1,0,2024-10-29,GOOGL,2024-10-28,0.9569230167319956,4.0,0.0243204924623272,0.9326025242696684,2024-10-28,GOOGL
GOOGL,2025-02-04 16:00:00-05:00,2025-02-04,-0.0580938010658124,-0.0495082381953368,1,0,2025-02-04,GOOGL,2025-02-03,1.200476324851341,4.0,0.1058409439131622,1.0946353809381788,2025-02-03,GOOGL
GOOGL,2025-04-24 16:00:00-04:00,2025-04-24,0.013849181266203,-0.0064619929709518,2,0,2025-04-24,GOOGL,2025-04-21,0.7762538957350187,4.0,0.2372005210900253,0.5390533746449933,2025-04-21,GOOGL
GOOGL,2025-07-23 16:00:00-04:00,2025-07-23,-0.004441597280916,0.0380605581900356,2,0,2025-07-23,GOOGL,2025-07-21,1.6603785978347376,4.0,0.2570355015221474,1.4033430963125904,2025-07-21,GOOGL
GOOGL,2025-10-29 16:00:00-04:00,2025-10-29,0.0622294890687511,0.1285982854153033,3,1,2025-10-29,GOOGL,2025-10-27,4.652529808488354,4.0,2.7924918478832277,1.8600379606051265,2025-10-27,GOOGL
HD,2021-02-23 06:00:00-05:00,2021-02-23,-0.0706501682281402,0.1334068006888458,1,0,2021-02-23,HD,2021-02-22,0.97040406543003,4.0,0.5781805256151338,0.3922235398148961,2021-02-22,HD
HD,2021-05-18 06:00:00-04:00,2021-05-18,-0.0062111303073878,-0.0580006023292708,1,0,2021-05-18,HD,2021-05-17,0.8719934244989076,4.0,0.5684100753699821,0.3035833491289255,2021-05-17,HD
HD,2021-08-17 06:00:00-04:00,2021-08-17,-0.0226856545656236,0.0325539354498309,1,0,2021-08-17,HD,2021-08-16,0.6620813636003497,4.0,0.309551521431272,0.3525298421690777,2021-08-16,HD
HD,2021-11-16 06:00:00-05:00,2021-11-16,0.0621597055419698,0.0201990392657248,1,0,2021-11-16,HD,2021-11-15,0.9443121809830572,4.0,0.2194053419986607,0.7249068389843965,2021-11-15,HD
HD,2022-02-22 06:00:00-05:00,2022-02-22,-0.0844523168544612,-0.0195957893804623,1,0,2022-02-22,HD,2022-02-21,0.8109343687275269,4.0,0.3409376831121098,0.4699966856154171,2022-02-21,HD
HD,2022-05-17 06:00:00-04:00,2022-05-17,-0.0159023977169684,0.030486686150988,1,0,2022-05-17,HD,2022-05-16,0.9527097641303198,4.0,0.3525627081411313,0.6001470559891885,2022-05-16,HD
HD,2022-08-16 06:00:00-04:00,2022-08-16,0.0407811081845891,-0.0840635378490502,1,0,2022-08-16,HD,2022-08-15,0.9187135167133368,4.0,0.2551902429380805,0.6635232737752563,2022-08-15,HD
HD,2022-11-15 06:00:00-05:00,2022-11-15,0.0249768507275017,0.0613497349733582,1,0,2022-11-15,HD,2022-11-14,0.147962482376829,4.0,-0.1001341670795576,0.2480966494563867,2022-11-14,HD
HD,2023-02-21 06:00:00-05:00,2023-02-21,-0.0464624107642907,-0.0276352218148023,1,0,2023-02-21,HD,2023-02-20,0.2382930031716058,4.0,-0.1653364837204621,0.403629486892068,2023-02-20,HD
HD,2023-05-16 06:00:00-04:00,2023-05-16,0.0086537427001885,-0.0229362214943422,1,0,2023-05-16,HD,2023-05-15,0.5052664800394229,4.0,-0.2517114886197056,0.7569779686591285,2023-05-15,HD
HD,2023-08-15 06:00:00-04:00,2023-08-15,0.0283043620845876,-0.027751825786016,1,0,2023-08-15,HD,2023-08-14,-0.0919011224319156,4.0,-0.3186969775150795,0.2267958550831639,2023-08-14,HD
HD,2023-11-14 06:00:00-05:00,2023-11-14,0.0475152136704984,0.0917739969049633,1,0,2023-11-14,HD,2023-11-13,-0.1639686253888157,4.0,-0.5558630863427133,0.3918944609538975,2023-11-13,HD
HD,2024-02-20 06:00:00-05:00,2024-02-20,0.0095091906845884,0.0116926467248516,1,0,2024-02-20,HD,2024-02-19,-0.1441071517062093,4.0,-0.4322824089198123,0.2881752572136029,2024-02-19,HD
HD,2024-05-14 06:00:00-04:00,2024-05-14,0.0056737451376778,-0.0174243215888072,1,0,2024-05-14,HD,2024-05-13,-0.1866717709225367,4.0,-0.447514918274225,0.2608431473516882,2024-05-13,HD
HD,2024-08-13 06:00:00-04:00,2024-08-13,0.0086866952606904,0.0299014234388593,1,0,2024-08-13,HD,2024-08-12,0.2189785965511365,4.0,-0.3663615486008754,0.5853401451520119,2024-08-12,HD
HD,2024-11-12 06:00:00-05:00,2024-11-12,0.0074990665391218,0.0048361681351825,1,0,2024-11-12,HD,2024-11-11,0.1470695196475354,4.0,-0.3298339653443993,0.4769034849919348,2024-11-11,HD
HD,2025-02-25 06:00:00-05:00,2025-02-25,0.0257475810558173,-0.0263797517367049,1,0,2025-02-25,HD,2025-02-24,-0.0572581972986348,4.0,-0.3920519581496956,0.3347937608510608,2025-02-24,HD
HD,2025-05-20 06:00:00-04:00,2025-05-20,-0.0023987360984962,-0.074440491397464,1,0,2025-05-20,HD,2025-05-19,-0.210782748838833,4.0,-0.3862638442319369,0.1754810953931039,2025-05-19,HD
HD,2025-08-19 06:00:00-04:00,2025-08-19,0.0263431453354915,0.0081441590515194,1,0,2025-08-19,HD,2025-08-18,6.467381692204892,4.0,1.293194383517129,5.174187308687763,2025-08-18,HD
HD,2025-11-18 06:00:00-05:00,2025-11-18,-0.0615405904090659,0.0473101753753561,1,0,2025-11-18,HD,2025-11-17,2.881367188911637,4.0,1.1579586594172082,1.7234085294944288,2025-11-17,HD
JPM,2021-01-15 06:00:00-05:00,2021-01-15,-0.0228086760391327,0.0154638976256898,1,0,2021-01-15,JPM,2021-01-11,0.7147010589474709,4.0,,,2021-01-11,JPM
JPM,2021-04-14 06:00:00-04:00,2021-04-14,-0.0196689303991471,0.0742032040613825,1,0,2021-04-14,JPM,2021-04-12,0.2915247537782831,4.0,-0.0046140416143971,0.2961387953926803,2021-04-12,JPM
JPM,2021-07-13 06:00:00-04:00,2021-07-13,-0.0163617060671124,0.0227444640161254,1,0,2021-07-13,JPM,2021-07-12,0.2406587300013031,4.0,-0.1989484962609375,0.4396072262622407,2021-07-12,JPM
JPM,2021-10-13 06:00:00-04:00,2021-10-13,-0.0314435766724462,-0.0212082728059743,1,0,2021-10-13,JPM,2021-10-11,0.0790285983377152,4.0,-0.296801310611544,0.3758299089492592,2021-10-11,JPM
JPM,2022-01-14 06:00:00-05:00,2022-01-14,-0.0860906976879786,0.0453798173842574,1,0,2022-01-14,JPM,2022-01-10,0.2996727953685031,4.0,-0.272291467378126,0.5719642627466291,2022-01-10,JPM
JPM,2022-04-13 06:00:00-04:00,2022-04-13,-0.0405048013490263,0.028082491579818,1,0,2022-04-13,JPM,2022-04-11,0.1117016489604512,4.0,-0.1752554338441335,0.2869570828045847,2022-04-11,JPM
JPM,2022-07-14 06:00:00-04:00,2022-07-14,-0.0057820463985062,-0.0248092098258683,1,0,2022-07-14,JPM,2022-07-11,0.369575368911227,4.0,-0.27809532711219,0.6476706960234171,2022-07-11,JPM
JPM,2022-10-14 06:00:00-04:00,2022-10-14,0.0557325440717047,0.0707566461588242,2,0,2022-10-14,JPM,2022-10-10,-0.1108394380441405,4.0,-0.4413296295728304,0.3304901915286898,2022-10-10,JPM
JPM,2023-01-13 06:00:00-05:00,2023-01-13,0.0077338372542582,-0.0196791871579196,3,1,2023-01-13,JPM,2023-01-09,0.2488876558533789,4.0,-0.4372252771795245,0.6861129330329034,2023-01-09,JPM
JPM,2023-04-14 06:00:00-04:00,2023-04-14,0.0822933578329731,-0.0302736490890097,2,0,2023-04-14,JPM,2023-04-10,0.402288861664891,4.0,0.0631267941508908,0.3391620675140001,2023-04-10,JPM
JPM,2023-07-14 06:00:00-04:00,2023-07-14,0.0272998789350228,0.0154431978474851,2,0,2023-07-14,JPM,2023-07-10,0.142599136002167,4.0,-0.3440109873948185,0.4866101233969856,2023-07-10,JPM
JPM,2023-10-13 06:00:00-04:00,2023-10-13,0.0084656223359995,-0.0230056288630821,2,0,2023-10-13,JPM,2023-10-09,-0.2233791095117686,4.0,-0.4960063458043445,0.2726272362925758,2023-10-09,JPM
JPM,2024-01-12 06:00:00-05:00,2024-01-12,-0.0106318135317293,-0.0028135321287948,3,1,2024-01-12,JPM,2024-01-08,0.3225031250818547,4.0,-0.3266357358192091,0.6491388609010639,2024-01-08,JPM
JPM,2024-04-12 06:00:00-04:00,2024-04-12,-0.0377993637889277,0.0514599589584252,1,0,2024-04-12,JPM,2024-04-08,0.1997971956574191,4.0,-0.2308401529316216,0.4306373485890407,2024-04-08,JPM
JPM,2024-07-12 06:00:00-04:00,2024-07-12,0.0037768932986985,0.0345918714183238,1,0,2024-07-12,JPM,2024-07-08,0.3387992082622948,4.0,-0.2408234805372331,0.5796226887995279,2024-07-08,JPM
JPM,2024-10-11 06:00:00-04:00,2024-10-11,0.0265888663812685,0.0600143235442599,1,0,2024-10-11,JPM,2024-10-07,-0.0353675209727888,4.0,-0.2232212282476301,0.1878537072748413,2024-10-07,JPM
JPM,2025-01-15 06:00:00-05:00,2025-01-15,0.0110613587912182,0.05460618876009,1,0,2025-01-15,JPM,2025-01-13,1.0889891145753383,4.0,-0.0581617503043302,1.1471508648796689,2025-01-13,JPM
JPM,2025-04-11 06:00:00-04:00,2025-04-11,0.0062145687813773,0.0289816253122229,1,0,2025-04-11,JPM,2025-04-07,1.1995914539382344,4.0,0.21354043411616,0.9860510198220744,2025-04-07,JPM
JPM,2025-07-15 06:00:00-04:00,2025-07-15,-0.009064846859815,-0.0155830434354978,1,0,2025-07-15,JPM,2025-07-14,0.9714810234050149,4.0,0.1109000339429352,0.8605809894620796,2025-07-14,JPM
JPM,2025-10-14 06:00:00-04:00,2025-10-14,-0.0103926470799398,0.020684513585814,1,0,2025-10-14,JPM,2025-10-13,7.832786479135752,4.0,3.409721253445997,4.423065225689755,2025-10-13,JPM
MA,2021-01-28 08:00:00-05:00,2021-01-28,0.01464167883057,0.0895997491743787,1,0,2021-01-28,MA,2021-01-25,0.7051753200817099,4.0,,,2021-01-25,MA
MA,2021-04-29 08:00:00-04:00,2021-04-29,-0.0344509527671196,-0.063458555769976,2,0,2021-04-29,MA,2021-04-26,0.7409785887408487,4.0,0.1916214234790923,0.5493571652617564,2021-04-26,MA
MA,2021-07-29 08:00:00-04:00,2021-07-29,0.0073324403837157,-0.1069378973285621,2,0,2021-07-29,MA,2021-07-26,0.2361702295116191,4.0,-0.045110117019646,0.2812803465312651,2021-07-26,MA
MA,2021-10-28 08:00:00-04:00,2021-10-28,-0.0122138654311482,-0.0428125827923377,3,1,2021-10-28,MA,2021-10-25,0.796638721809975,4.0,-0.2420193782195597,1.0386581000295347,2021-10-25,MA
MA,2022-01-27 08:00:00-05:00,2022-01-27,0.0883673451148582,-0.0457990868075088,2,0,2022-01-27,MA,2022-01-24,-0.0838310530852676,4.0,-0.2163359260865811,0.1325048730013135,2022-01-24,MA
MA,2022-04-28 08:00:00-04:00,2022-04-28,0.0186489774595869,-0.0214922109521812,3,1,2022-04-28,MA,2022-04-25,0.3570836572301705,4.0,-0.227424353046912,0.5845080102770825,2022-04-25,MA
MA,2022-07-28 08:00:00-04:00,2022-07-28,0.0034238233004594,-0.046747694028773,3,1,2022-07-28,MA,2022-07-25,-0.0446721468108178,4.0,-0.2781577371627915,0.2334855903519737,2022-07-25,MA
MA,2022-10-27 08:00:00-04:00,2022-10-27,0.0127360192788106,0.0302938377022604,3,1,2022-10-27,MA,2022-10-24,-0.286307044230117,4.0,-0.4247339499044755,0.1384269056743585,2022-10-24,MA
MA,2023-01-26 08:00:00-05:00,2023-01-26,-0.0352652870268347,-0.0315254836967403,1,0,2023-01-26,MA,2023-01-23,0.1294256049397158,4.0,-0.5455980394069629,0.6750236443466788,2023-01-23,MA
MA,2023-04-27 08:00:00-04:00,2023-04-27,0.0074176391424699,-0.0241061769713628,2,0,2023-04-27,MA,2023-04-24,-0.1635996774926149,4.0,-0.4224761172229662,0.2588764397303513,2023-04-24,MA
MA,2023-07-27 08:00:00-04:00,2023-07-27,-0.0267207170582639,0.0629784325640789,1,0,2023-07-27,MA,2023-07-24,-0.0597012248925904,4.0,-0.3475572230294016,0.2878559981368112,2023-07-24,MA
MA,2023-10-26 08:00:00-04:00,2023-10-26,-0.0411155941936028,0.0150247960583503,2,0,2023-10-26,MA,2023-10-23,0.1899150436095081,4.0,-0.4166241517675618,0.60653919537707,2023-10-23,MA
MA,2024-01-31 08:00:00-05:00,2024-01-31,0.0383262750859506,-0.012786771546729,1,0,2024-01-31,MA,2024-01-29,-0.1047884591379084,4.0,-0.4456555626559043,0.3408671035179959,2024-01-29,MA
MA,2024-05-01 08:00:00-04:00,2024-05-01,-0.0285354317848719,-0.0297437818965321,1,0,2024-05-01,MA,2024-04-29,0.1022136207480493,4.0,-0.2603560478723642,0.3625696686204135,2024-04-29,MA
MA,2024-07-31 08:00:00-04:00,2024-07-31,0.0314422109228831,0.0114541771573732,2,0,2024-07-31,MA,2024-07-29,0.1421673523365904,4.0,-0.259651022260834,0.4018183745974243,2024-07-29,MA
MA,2024-10-31 08:00:00-04:00,2024-10-31,0.0049280533971533,-0.0102945431724535,3,1,2024-10-31,MA,2024-10-28,-0.1221048679045791,4.0,-0.3316875387302411,0.2095826708256619,2024-10-28,MA
MA,2025-01-30 08:00:00-05:00,2025-01-30,0.0126220573746484,0.064852207059311,2,0,2025-01-30,MA,2025-01-27,0.5518328347658202,4.0,-0.1313828180925846,0.6832156528584049,2025-01-27,MA
MA,2025-05-01 08:00:00-04:00,2025-05-01,-0.0011972061428447,-0.0065649296691604,3,1,2025-05-01,MA,2025-04-28,0.271549299730364,4.0,0.0352227607580256,0.2363265389723383,2025-04-28,MA
MA,2025-07-31 08:00:00-04:00,2025-07-31,0.0216897925695735,0.0249064881841829,3,1,2025-07-31,MA,2025-07-28,2.649145513978253,4.0,0.7263224384656195,1.9228230755126337,2025-07-28,MA
MA,2025-10-30 08:00:00-04:00,2025-10-30,0.0030426495426228,-0.0115032536220699,3,1,2025-10-30,MA,2025-10-27,4.4188706322084785,4.0,2.6977135666141088,1.7211570655943698,2025-10-27,MA
META,2021-01-27 16:00:00-05:00,2021-01-27,-0.0455316798278353,-0.0340264277182396,3,1,2021-01-27,META,2021-01-25,-0.7974180865309332,4.0,,,2021-01-25,META
META,2021-04-28 16:00:00-04:00,2021-04-28,0.0785161391751322,0.0137288569603838,2,0,2021-04-28,META,2021-04-26,-0.7850218486789321,4.0,-0.7943190270679329,0.0092971783890007,2021-04-26,META
META,2021-07-28 16:00:00-04:00,2021-07-28,-0.0289427643388078,0.0048612995722757,1,0,2021-07-28,META,2021-07-26,-0.7974180865309332,4.0,-0.7989676162624333,0.0015495297315001,2021-07-26,META
META,2021-10-25 16:00:00-04:00,2021-10-25,-0.0328795710815042,0.0416578302666671,1,0,2021-10-25,META,2021-10-25,-0.1872132095093918,4.0,-0.7211424769032405,0.5339292673938487,2021-10-25,META
META,2022-02-02 16:00:00-05:00,2022-02-02,-0.2375708603584409,-0.1337067420042612,1,0,2022-02-02,META,2022-01-31,0.8414867604787353,4.0,-0.4460679993839136,1.287554759862649,2022-01-31,META
META,2022-04-27 16:00:00-04:00,2022-04-27,0.1147063798183669,-0.0072572761718282,1,0,2022-04-27,META,2022-04-25,0.189409680993712,4.0,-0.4005114192545692,0.5899211002482813,2022-04-25,META
META,2022-07-27 16:00:00-04:00,2022-07-27,-0.0252198772610363,0.0213057500848639,1,0,2022-07-27,META,2022-07-25,0.6092212803766762,4.0,-0.2630122085466996,0.8722334889233758,2022-07-25,META
META,2022-10-26 16:00:00-04:00,2022-10-26,-0.288619583650923,0.082503136843955,1,0,2022-10-26,META,2022-10-24,1.979250056119372,4.0,-0.0594122729005217,2.0386623290198935,2022-10-24,META
META,2023-02-01 16:00:00-05:00,2023-02-01,0.2354972868649624,0.0164698394844604,1,0,2023-02-01,META,2023-01-30,1.3635824498817062,4.0,-0.1080799342299287,1.471662384111635,2023-01-30,META
META,2023-04-26 16:00:00-04:00,2023-04-26,0.1324961088571502,0.0527474088804466,1,0,2023-04-26,META,2023-04-24,0.7946002997257522,4.0,-0.1366684361452144,0.9312687358709666,2023-04-24,META
META,2023-07-26 16:00:00-04:00,2023-07-26,0.0644094887623665,-0.0447158996479023,1,0,2023-07-26,META,2023-07-24,0.8515894117582767,4.0,0.0167952055634396,0.8347942061948371,2023-07-24,META
META,2023-10-25 16:00:00-04:00,2023-10-25,-0.0526557559102022,0.0624518514105588,1,0,2023-10-25,META,2023-10-23,0.593628276540955,4.0,-0.2012832976483482,0.7949115741893031,2023-10-23,META
META,2024-02-01 16:00:00-05:00,2024-02-01,0.1914540688750513,0.0160506460756618,3,1,2024-02-01,META,2024-01-29,1.7883806630574886,4.0,0.0820386055252495,1.706342057532239,2024-01-29,META
META,2024-04-24 16:00:00-04:00,2024-04-24,-0.1065803726559016,0.0116357105496062,1,0,2024-04-24,META,2024-04-22,1.8937294059632337,4.0,0.2303280725293911,1.6634013334338422,2024-04-22,META
META,2024-07-31 16:00:00-04:00,2024-07-31,0.0712853210897773,0.0143413496226225,2,0,2024-07-31,META,2024-07-29,1.2199272142206503,4.0,0.1973925007108636,1.0225347135097866,2024-07-29,META
META,2024-10-30 16:00:00-04:00,2024-10-30,-0.0207922300841996,-0.0445637215726766,2,0,2024-10-30,META,2024-10-28,1.4528013347938742,4.0,0.20676472232066,1.246036612473214,2024-10-28,META
META,2025-01-29 16:00:00-05:00,2025-01-29,0.0178550331542235,-0.0081513706976092,3,1,2025-01-29,META,2025-01-27,2.1109774073062417,4.0,0.5379643923483073,1.5730130149579344,2025-01-27,META
META,2025-04-30 16:00:00-04:00,2025-04-30,0.0249812019275985,0.0738669356600965,2,0,2025-04-30,META,2025-04-28,1.2324005885743383,4.0,0.4465397470042401,0.7858608415700985,2025-04-28,META
META,2025-07-30 16:00:00-04:00,2025-07-30,0.1106947884914428,-0.0533171633087006,2,0,2025-07-30,META,2025-07-28,3.1961959082712808,4.0,0.6529451947397384,2.5432507135315423,2025-07-28,META
META,2025-10-29 16:00:00-04:00,2025-10-29,-0.1025237495709286,-0.0308915099049545,3,1,2025-10-29,META,2025-10-27,7.046104869240695,4.0,2.4911364625091093,4.554968406731586,2025-10-27,META
MSFT,2021-01-26 16:00:00-05:00,2021-01-26,0.0406540329641582,-0.034311590971661,1,0,2021-01-26,MSFT,2021-01-25,0.8776121334255346,4.0,,,2021-01-25,MSFT
MSFT,2021-04-27 16:00:00-04:00,2021-04-27,-0.0261769673481898,-0.0127645960724782,2,0,2021-04-27,MSFT,2021-04-26,0.304035917667513,4.0,-0.2472847089672784,0.5513206266347914,2021-04-26,MSFT
MSFT,2021-07-27 16:00:00-04:00,2021-07-27,-0.0048327869365463,0.0334923165104327,3,1,2021-07-27,MSFT,2021-07-26,0.1308194471613322,4.0,-0.3128651058180286,0.4436845529793609,2021-07-26,MSFT
MSFT,2021-10-26 16:00:00-04:00,2021-10-26,0.0520702057023461,0.0134159964148279,2,0,2021-10-26,MSFT,2021-10-25,0.3594018507527988,4.0,-0.3512256143478559,0.7106274651006548,2021-10-25,MSFT
MSFT,2022-01-25 16:00:00-05:00,2022-01-25,0.0166224412539673,0.0095559349980908,1,0,2022-01-25,MSFT,2022-01-24,1.7734718960154523,4.0,0.0636313449414948,1.7098405510739574,2022-01-24,MSFT
MSFT,2022-04-26 16:00:00-04:00,2022-04-26,0.0368542973976882,-0.0224284416689528,2,0,2022-04-26,MSFT,2022-04-25,0.7599811218116946,4.0,-0.1983300800472102,0.9583112018589048,2022-04-25,MSFT
MSFT,2022-07-26 16:00:00-04:00,2022-07-26,0.0259422603951111,-0.0019156860494573,2,0,2022-07-26,MSFT,2022-07-25,0.4883551564242405,4.0,-0.3362816970773195,0.82463685350156,2022-07-25,MSFT
MSFT,2022-10-25 16:00:00-04:00,2022-10-25,-0.0717989154067664,0.0230717375984468,2,0,2022-10-25,MSFT,2022-10-24,0.5404459262943369,4.0,-0.3602628178553337,0.9007087441496706,2022-10-24,MSFT
MSFT,2023-01-24 16:00:00-05:00,2023-01-24,-0.0074354371810097,0.0625859417332465,1,0,2023-01-24,MSFT,2023-01-23,0.8615246058620182,4.0,-0.3418198609429786,1.2033444668049968,2023-01-23,MSFT
MSFT,2023-04-25 16:00:00-04:00,2023-04-25,0.0700082443679394,0.0469054748318479,2,0,2023-04-25,MSFT,2023-04-24,0.8471526148164346,4.0,-0.2205628300299353,1.06771544484637,2023-04-24,MSFT
MSFT,2023-07-25 16:00:00-04:00,2023-07-25,-0.0235122726648272,-0.0015554387851153,2,0,2023-07-25,MSFT,2023-07-24,0.794743291183678,4.0,-0.086696212072414,0.8814395032560921,2023-07-24,MSFT
MSFT,2023-10-24 16:00:00-04:00,2023-10-24,0.041164825629885,0.021413231451268,2,0,2023-10-24,MSFT,2023-10-23,0.3561688336281435,4.0,-0.3874797387076283,0.7436485723357719,2023-10-23,MSFT
MSFT,2024-01-30 16:00:00-05:00,2024-01-30,-0.0126136857579183,-0.0085029351050429,2,0,2024-01-30,MSFT,2024-01-29,1.3111234799071836,4.0,-0.0216727756863818,1.3327962555935655,2024-01-29,MSFT
MSFT,2024-04-25 16:00:00-04:00,2024-04-25,-0.0119265072969352,0.0190601809484759,2,0,2024-04-25,MSFT,2024-04-22,0.8179554304176704,4.0,-0.0874184602322979,0.9053738906499684,2024-04-22,MSFT
MSFT,2024-07-30 16:00:00-04:00,2024-07-30,-0.0309221742302723,-0.0303730860565893,2,0,2024-07-30,MSFT,2024-07-29,1.335534545985238,4.0,0.2475561252375972,1.0879784207476408,2024-07-29,MSFT
MSFT,2024-10-30 16:00:00-04:00,2024-10-30,-0.0365564980843412,-0.0139341940621854,2,0,2024-10-30,MSFT,2024-10-28,0.9259080668522336,4.0,-0.1280054772691177,1.0539135441213512,2024-10-28,MSFT
MSFT,2025-01-29 16:00:00-05:00,2025-01-29,-0.0735831439116247,-0.023934466537937,3,1,2025-01-29,MSFT,2025-01-27,1.5319566302242087,4.0,-0.0796913062872905,1.6116479365114993,2025-01-27,MSFT
MSFT,2025-04-30 16:00:00-04:00,2025-04-30,0.0718657783953107,0.0269060353109874,2,0,2025-04-30,MSFT,2025-04-28,0.867756378529737,4.0,0.0250330232504183,0.8427233552793186,2025-04-28,MSFT
MSFT,2025-07-30 16:00:00-04:00,2025-07-30,0.0457922701028257,-0.0699038175178885,2,0,2025-07-30,MSFT,2025-07-28,2.571389002115149,4.0,0.2904822203561147,2.2809067817590343,2025-07-28,MSFT
MSFT,2025-10-29 16:00:00-04:00,2025-10-29,-0.0195985657385938,-0.0687442143850821,3,1,2025-10-29,MSFT,2025-10-27,6.450371184795422,4.0,2.3659827659835058,4.084388418811916,2025-10-27,MSFT
NVDA,2021-02-24 16:00:00-05:00,2021-02-24,-0.0438573776110055,-0.0711832530731355,1,0,2021-02-24,NVDA,2021-02-22,-0.4758813145526712,4.0,-0.5205046228341904,0.0446233082815192,2021-02-22,NVDA
NVDA,2021-05-26 16:00:00-04:00,2021-05-26,-0.0126736459444245,0.1897274823649479,1,0,2021-05-26,NVDA,2021-05-24,-0.461676345063763,4.0,-0.5273757661905398,0.0656994211267768,2021-05-24,NVDA
NVDA,2021-08-18 16:00:00-04:00,2021-08-18,0.0277253057722069,0.0981797055870977,1,0,2021-08-18,NVDA,2021-08-16,-0.4474713755748547,4.0,-0.4533763968416322,0.0059050212667774,2021-08-16,NVDA
NVDA,2021-11-17 16:00:00-05:00,2021-11-17,0.0503426806191053,-0.0955729639649067,1,0,2021-11-17,NVDA,2021-11-15,-0.234080712774018,4.0,-0.4461582414031257,0.2120775286291077,2021-11-15,NVDA
NVDA,2022-02-16 16:00:00-05:00,2022-02-16,-0.0547469882525097,0.0727680834821349,1,0,2022-02-16,NVDA,2022-02-14,-0.1842887215504945,4.0,-0.3892888050172599,0.2050000834667653,2022-02-14,NVDA
NVDA,2022-05-25 16:00:00-04:00,2022-05-25,0.0736125818414274,-0.0062371424057207,1,0,2022-05-25,NVDA,2022-05-23,-0.3188134224062383,4.0,-0.4365227314168389,0.1177093090106006,2022-05-23,NVDA
NVDA,2022-08-24 16:00:00-04:00,2022-08-24,0.0251907998414477,-0.2173217643431393,1,0,2022-08-24,NVDA,2022-08-22,-0.4474713755748547,4.0,-0.4737967591022259,0.0263253835273712,2022-08-22,NVDA
NVDA,2022-11-16 16:00:00-05:00,2022-11-16,-0.0493181698429504,0.0886732486692175,1,0,2022-11-16,NVDA,2022-11-14,-0.4474713755748547,4.0,-0.5140974037328019,0.0666260281579471,2022-11-14,NVDA
NVDA,2023-02-22 16:00:00-05:00,2023-02-22,0.1410656475003587,0.158680385409977,1,0,2023-02-22,NVDA,2023-02-20,-0.3832386413698597,4.0,-0.4856479496965837,0.102409308326724,2023-02-20,NVDA
NVDA,2023-05-24 16:00:00-04:00,2023-05-24,0.2373931559487974,0.0318820140113816,1,0,2023-05-24,NVDA,2023-05-22,0.1447160639750326,4.0,-0.3982685644188828,0.5429846283939155,2023-05-22,NVDA
NVDA,2023-08-23 16:00:00-04:00,2023-08-23,0.0354257902151807,-0.1102073714181099,1,0,2023-08-23,NVDA,2023-08-21,0.5128523408323378,4.0,-0.2408850854376246,0.7537374262699624,2023-08-21,NVDA
NVDA,2023-11-21 16:00:00-05:00,2023-11-21,-0.035493524847879,-0.0332784922260871,1,0,2023-11-21,NVDA,2023-11-20,-0.0281461949564805,4.0,-0.3350680645672791,0.3069218696107986,2023-11-20,NVDA
NVDA,2024-02-21 16:00:00-05:00,2024-02-21,0.1138986917234743,0.1283362179461732,1,0,2024-02-21,NVDA,2024-02-19,1.928292242275757,4.0,0.1412077986059935,1.7870844436697633,2024-02-19,NVDA
NVDA,2024-05-22 16:00:00-04:00,2024-05-22,0.0988092233884005,0.1059467580941357,1,0,2024-05-22,NVDA,2024-05-20,1.5568279748014184,4.0,0.1946524854971689,1.3621754893042497,2024-05-20,NVDA
NVDA,2024-08-28 16:00:00-04:00,2024-08-28,-0.0790993358087336,0.0175632686405525,1,0,2024-08-28,NVDA,2024-08-26,2.635298340510172,4.0,0.91775711887676,1.7175412216334118,2024-08-26,NVDA
NVDA,2024-11-20 16:00:00-05:00,2024-11-20,-0.0079789924501874,-0.079895806756148,1,0,2024-11-20,NVDA,2024-11-18,1.79001129255179,4.0,0.5039430010024577,1.2860682915493324,2024-11-18,NVDA
NVDA,2025-02-26 16:00:00-05:00,2025-02-26,-0.0326022979634439,-0.0336547740172401,1,0,2025-02-26,NVDA,2025-02-24,1.9473149581907865,4.0,0.9939987122079108,0.9533162459828758,2025-02-24,NVDA
NVDA,2025-05-28 16:00:00-04:00,2025-05-28,0.0292361042192807,0.0838662029029655,1,0,2025-05-28,NVDA,2025-05-26,1.0887050175619788,4.0,0.5257746889610494,0.5629303286009294,2025-05-26,NVDA
NVDA,2025-08-27 16:00:00-04:00,2025-08-27,-0.014629602406888,-0.0293892442994782,1,0,2025-08-27,NVDA,2025-08-25,6.50532197139902,4.0,1.8186857026805097,4.686636268718511,2025-08-25,NVDA
NVDA,2025-11-19 16:00:00-05:00,2025-11-19,0.0083060989201213,-0.0396572959445758,1,0,2025-11-19,NVDA,2025-11-17,6.4333540638694,4.0,1.742827520886988,4.690526542982412,2025-11-17,NVDA
